player_id,total_games,games_played,goals,assists,ppg,yellow_cards,second_yellow_cards,red_cards
258004,31,29,2,4,2.48,3,5,
176553,35,33,4,,2.52,5,5,
186590,27,14,1,,2.5,1,,
177476,36,14,2,,2.64,2,,
340460,7,4,,,1.25,2,,
581669,7,1,,,3,,,
609883,14,,,,,,,
203853,32,15,,4,2.67,,,
576121,6,,,,,,,
157495,2,1,,,,1,,
182712,37,36,1,7,2.42,1,7,
95424,27,20,,2,2.2,1,1,
627228,29,28,1,3,1.96,11,4,
357565,35,33,7,2,2.52,4,5,
628451,9,,,,,,,
26267,51,32,3,3,2.25,8,6,
53622,35,27,8,3,2.7,5,1,
583199,13,2,,,3,,,
433183,2,,,,,,,
88755,33,30,15,8,2.3,9,2,
241641,38,35,8,4,2.49,6,6,
568177,24,4,,,3,1,,
406635,33,28,9,5,2.43,9,1,
134425,37,30,13,6,2.43,6,1,
203460,34,26,3,3,2.31,7,3,
398184,25,22,6,5,2.27,9,1,
680806,1,,,,,,,
171424,36,28,11,5,2.39,5,,
668265,3,1,,,3,,,
363205,34,28,8,9,2.43,8,1,
610849,4,1,,,3,,,
139208,35,34,3,4,2.41,,3,
357119,37,11,,,2.27,,2,
256178,29,8,,1,2.5,1,2,
82105,35,31,3,3,2.48,,2,
371814,4,,,,,,,
503679,1,,,,,,,
632349,1,,,,,,,
234803,33,29,3,10,2.41,3,5,
338070,36,13,,2,2.15,1,3,
551001,3,,,,,,,
314353,34,32,2,12,2.38,2,2,
503680,13,1,,1,3,,,
624258,1,,,,,,,
225693,30,29,5,1,2.38,5,7,
433188,25,15,1,1,2.47,6,,
302215,29,23,3,1,2.43,10,3,
60444,26,25,1,4,2.64,12,2,
143424,29,17,2,1,2.41,9,,
61651,35,35,2,5,2.43,11,3,
618494,9,2,,,2,1,1,
3333,32,24,,1,2.63,5,2,
565822,12,6,,,2.67,2,,
344015,30,24,3,1,1.54,13,4,
200512,34,34,16,4,2.35,7,5,
480692,34,31,18,8,2.74,20,2,
340950,36,35,15,6,2.37,17,3,
165793,26,11,3,,2.55,,1,
148455,35,35,23,14,2.37,5,1,
732119,4,1,,,3,,,
131789,22,20,5,4,2.25,7,3,
148368,18,7,3,1,2.57,,,
86202,35,34,3,2,1.91,1,9,
196948,28,19,,,2.21,2,2,
157509,27,24,1,,1.5,2,1,
346314,33,20,3,1,2.3,4,2,
344596,29,8,,,2,2,2,
29241,36,32,3,1,1.81,2,2,
316125,13,7,3,1,2.71,,,
181778,34,30,1,2,1.63,6,3,
670858,2,,,,,,,
472423,27,26,5,9,1.73,4,4,
57500,34,27,1,2,1.78,8,3,
102017,36,29,6,2,2.07,8,5,
51471,25,25,2,5,2.04,5,4,
148928,36,13,,1,2.38,2,1,
202886,30,24,,3,1.88,3,1,
423744,31,24,,1,0.33,6,2,
131978,27,6,1,,2.33,1,,
346483,35,32,11,10,1.97,7,4,
309400,35,29,8,4,2,11,3,
581675,3,,,,,,,
392768,22,15,1,3,1.93,8,1,
281404,8,1,,1,3,1,,
315779,27,22,6,2,1.77,4,2,
217111,36,23,4,3,1.91,6,3,
96341,29,26,8,1,1.88,5,1,
331726,38,37,17,4,1.7,13,9,
170527,28,21,4,1,1.9,8,1,
164770,24,22,1,1,1.73,,,
177907,33,30,1,,1.67,1,7,1
184573,33,28,,2,1.39,1,4,
286384,21,4,,,1.75,2,1,
117996,24,4,,,1,1,,
183288,22,20,,3,1.5,4,8,
255755,29,21,,4,1.57,2,1,
507700,33,26,,1,0.69,4,8,
811778,4,,,,,,,
477758,30,20,,,1.25,1,2,
357147,37,24,,,1.63,1,4,
315969,31,30,1,1,1.47,8,9,
240306,36,36,10,6,1.44,9,10,
141660,32,16,2,,1.44,2,1,
203394,15,13,2,1,1.31,4,2,
607224,7,2,,,,1,2,
44068,29,7,,,1,2,,
401173,32,29,3,3,1.55,9,,
258923,28,25,4,2,1.36,10,2,
583189,24,21,2,2,1.43,9,,
811779,7,2,,,0.5,,,
319301,35,34,4,5,1.12,12,7,
536835,10,5,1,,1.6,2,,
640026,2,1,,,,,,
532826,21,18,5,1,1.72,12,1,
8198,31,31,18,3,1.61,6,9,
182877,22,17,1,1,1.65,9,1,
48280,15,15,2,1,1.47,3,,
355915,24,22,1,,1.64,2,8,
341429,37,23,2,,2,,4,
175722,35,35,,,1.94,1,1,
346478,18,11,,,2.18,5,2,1
297212,32,3,,,2,,,
341049,28,28,4,1,2.61,,3,
503687,1,,,,,,,
282429,31,25,2,3,1.92,9,4,
192765,37,29,1,1,1.83,2,6,
476344,37,34,1,1,1.85,10,5,
171679,28,15,2,4,2.13,3,,
392772,1,,,,,,,
406638,19,18,,,1.78,2,6,
249126,35,19,,1,1.58,3,2,
581598,19,,,,,,,
633659,5,,,,,,,
504051,1,,,,,,,
167799,37,36,2,2,1.94,3,3,
450936,27,20,1,3,1.4,10,4,
354362,39,36,,6,1.97,14,6,
348795,29,25,1,1,1.72,8,2,
537382,31,22,,1,1.36,7,3,
284165,32,25,3,1,1.96,3,1,
431755,40,38,6,11,1.92,13,4,
77100,36,34,2,6,1.88,13,4,
530807,1,,,,,,,
132098,37,37,17,9,1.84,1,5,
670883,24,1,,,3,,,
435338,35,35,5,,1.97,3,6,1
253341,36,15,1,,2.07,,2,1
215118,23,13,1,,1.15,2,1,
210178,23,17,2,,1.18,,3,
586980,1,,,,,,,
581445,2,,,,,,,
697282,1,,,,,,,
300716,26,22,1,3,1.91,4,,
535955,38,22,1,1,1.77,3,2,
94005,21,16,,1,2.13,6,1,
335721,34,32,,,1.88,,3,
331560,23,22,,1,1.91,4,2,
191217,29,23,,2,1.87,,2,
112988,33,21,1,1,1.86,4,3,
610649,1,,,,,,,
540687,15,,,,,,,
230784,24,24,2,1,2.08,6,6,
160438,33,14,,2,1.71,,1,
111455,27,27,1,2,1.78,3,10,
381967,37,19,,,1.74,3,5,
581674,6,,,,,,,
547533,4,,,,,,,
285845,35,16,,,1.69,7,,
316264,36,36,7,4,1.92,12,4,
392765,35,33,10,2,1.73,11,1,
668495,1,,,,,,,
741238,8,,,,,,,
655488,36,29,6,6,1.72,11,1,1
433177,38,38,11,7,1.82,20,6,
343052,35,20,1,2,1.9,,,
340325,25,22,2,4,2,8,2,
340324,26,21,5,1,1.76,4,3,
58864,31,31,15,2,1.97,18,3,
93720,35,30,4,7,1.8,14,,
503770,2,2,,,,1,,
565821,1,,,,,,,
475411,9,7,,,1.43,,2,
320141,36,28,1,,1.32,1,5,
99331,25,10,,,1.2,1,2,
214056,34,28,,,1.5,1,4,
42412,20,18,1,1,1.61,4,3,
293168,17,2,,,1.5,,,
714458,3,,,,,,,
505194,27,22,,1,1.27,1,2,
40611,9,4,,,0.5,1,1,
262226,29,27,1,,1.52,2,1,
413220,15,13,,,1.46,1,,
215876,24,14,1,3,1.57,4,3,
530732,15,7,,,0.43,2,2,
274839,21,19,,,1.32,2,4,
344605,26,19,,1,1.37,6,,
341501,31,6,,,1.33,3,1,
111051,17,14,,,1.57,5,3,
533657,5,1,,,,,,
249565,33,32,6,4,1.47,5,3,
129588,26,23,2,2,1.74,10,3,
475188,36,28,1,2,1.46,4,4,
61560,34,17,1,2,1.35,,3,
294057,35,35,12,8,1.4,14,3,
621193,5,1,,,3,,,
398065,35,32,6,10,1.34,11,2,
246968,32,14,2,3,1.14,5,,
406040,33,26,6,,1.12,13,2,
295330,35,26,4,5,1.12,9,1,
365172,36,23,5,3,1.17,11,2,
197838,27,25,15,2,1.56,5,2,
253677,36,36,1,3,1.22,,11,
413403,32,29,2,,1.21,3,4,1
215118,23,13,1,,1.15,2,1,
342046,27,10,,,1.6,1,1,
233124,26,7,1,,1.14,1,,
875929,3,,,,,,,
126664,30,29,,4,1.17,3,6,
250478,36,33,1,1,1.42,3,3,
670846,7,,,,,,,
425334,38,38,4,3,1.18,3,8,
354352,34,33,,4,1.7,9,4,
14086,36,24,,2,1.38,4,2,
626888,2,,,,,,,
324882,24,16,,,0.94,5,5,
645686,1,,,,,,,
447661,34,34,2,3,1.24,9,7,
193116,35,35,3,4,1.23,3,8,
503749,35,34,6,1,1.21,15,6,
174094,27,10,,,1.3,3,,
659459,31,12,,1,1.33,2,,
696589,22,3,,,2.33,1,1,
61653,2,,,,,,,
646658,3,,,,,,,
387626,20,18,1,2,0.89,5,3,
80444,35,31,7,3,1.26,16,1,
234189,17,14,6,4,1.79,11,1,
665390,9,1,,,3,,,
321247,37,35,4,6,1.11,17,1,
131996,19,9,,,0.44,1,,
183720,28,11,1,1,1.18,2,2,
324358,35,35,11,2,1.2,5,7,
134294,33,30,7,6,1.23,15,4,
381362,19,12,,,2.08,5,1,
182894,27,14,2,2,1.57,4,4,
288255,31,15,2,,1.13,2,1,
127187,31,30,2,4,1.13,2,6,
221025,21,14,,1,1.14,5,3,
314210,15,6,1,,0.83,1,1,
50362,16,11,,,1.18,6,2,
663225,5,3,,,0.33,,,
612749,5,1,,,,,,
242631,35,28,2,2,1.32,7,1,
207929,37,21,1,,1.14,4,4,
726992,1,,,,,,,
292417,34,34,5,4,1.03,19,3,
503733,37,35,4,2,0.91,11,4,
627248,11,3,,,1.67,,1,
183720,28,11,1,1,1.18,2,2,
61842,25,21,3,2,1,6,3,
378710,30,30,10,5,1.13,7,8,
306024,20,17,5,2,1.18,6,2,
364135,33,33,5,3,2,11,5,
80197,30,20,1,1,0.85,3,2,
45671,8,1,,,,,,
344009,1,,,,,,,
511550,19,13,3,,1.46,3,1,
128901,38,38,4,,1.34,3,4,
525247,32,30,1,,1.53,2,3,
204198,33,31,2,,1.32,4,6,
142310,24,10,,,0.8,,1,
716276,5,,,,,,,
606718,33,20,1,,1.4,2,5,
495993,1,,,,,,,
539807,11,,,,,,,
578391,35,23,1,4,1.13,3,4,
175446,17,13,2,,0.85,2,1,
504581,2,,,,,,,
137745,50,36,1,2,1.56,6,9,
698678,4,,,,,,,
231572,29,25,,1,1.56,6,1,
485583,29,8,,,0.75,1,1,
225161,33,33,4,2,1.33,4,9,
168157,37,30,2,2,1.47,4,4,
29364,36,35,2,1,1.37,6,4,
415646,20,12,,1,1.08,5,5,
532541,33,4,,,1.5,1,,
337787,25,25,7,4,1.32,9,2,
429014,3,2,,,,,1,
614603,7,1,,,,,,
256977,29,26,2,3,1.73,11,2,
695454,30,23,3,6,1.3,7,5,
487465,13,13,1,1,0.85,5,3,
412669,37,28,2,1,1.21,15,,
204103,38,31,1,2,1.71,9,,
206040,34,34,6,4,1.24,8,5,2
292246,33,32,5,1,1.38,16,2,
505653,37,22,,,1.41,4,,
157509,27,24,1,,1.5,2,1,
272622,34,13,,1,1.62,1,,
121477,37,34,2,2,1.56,1,5,
48002,11,11,1,,2.09,1,1,
502065,11,,,,,,,
610706,5,,,,,,,
181380,29,13,1,1,1.31,2,1,
92571,31,31,2,3,1.45,2,3,
157672,31,28,,4,1.39,3,3,1
468002,32,20,1,,1.7,3,1,
140191,25,7,,,1.57,1,1,
559130,8,1,,,,,,
357662,36,36,1,4,1.47,,8,
283628,36,35,5,1,1.43,1,3,
337333,38,6,,1,1.67,2,,
419025,3,,,,,,,
538994,1,,,,,,,
31835,33,11,1,,1.45,2,,
561452,2,1,,,,,,
357885,36,36,6,4,1.39,13,4,
293200,38,24,1,1,1.33,8,,
135853,36,30,5,3,1.3,12,2,
290532,33,32,8,6,1.53,22,,
531461,10,,,,,,,
314875,36,36,12,12,1.47,12,6,
69015,35,19,1,,1.42,1,1,
104124,37,36,10,8,1.56,10,6,1
670877,5,1,,,,,,
148153,30,29,1,,1.38,,3,
212847,26,22,2,,1.73,3,5,
134270,32,29,1,1,1.66,2,8,
119269,30,18,1,,1.39,,7,
533523,14,,,,,,,
580809,2,,,,,,,
567597,9,,,,,,,
284857,36,36,1,1,1.25,3,6,
401604,9,6,,1,2,3,,
504148,33,30,,2,1.2,9,4,
111195,35,34,1,1,1.24,7,6,
687626,31,20,2,2,1.25,12,4,
410425,30,26,1,2,1.54,7,10,
490307,24,18,2,5,1.83,7,2,
534033,38,33,5,2,1.33,4,4,
384461,30,28,,3,1.18,10,2,
82873,35,29,2,4,1.34,10,1,
476237,27,9,,,1.11,5,,
484551,16,2,,,,,,
463751,10,,,,,,,
568005,12,5,,,0.8,1,,
43530,34,24,,1,1.5,10,4,
144028,35,34,8,3,1.29,10,2,
209212,37,31,,2,1.23,7,1,
776798,4,3,,,3,1,,
217115,37,32,8,2,1.25,6,7,
434207,9,4,,,1.25,1,,
67063,26,25,6,3,1.4,7,,
345468,27,22,2,2,0.91,9,2,
166240,21,12,2,1,1.08,4,,
177065,20,5,,,0.2,1,1,
648046,17,1,,,,,,
134270,32,29,1,1,1.66,2,8,
183318,34,26,1,,1.08,1,5,
135343,38,25,2,2,1.56,3,4,
98240,17,13,,1,0.69,1,2,
85475,18,7,,,0.86,1,,
250478,36,33,1,1,1.42,3,3,
346018,19,5,,,0.8,2,1,
170321,16,3,,,2.33,1,2,
95810,23,21,2,,1.86,7,1,
184528,35,20,,1,1.6,6,5,
162029,30,19,1,2,1.05,6,5,
520624,37,37,5,5,1.76,12,6,
206225,17,14,1,,0.36,3,5,
340329,31,29,2,,1.28,15,,
346707,37,24,1,1,1.29,3,1,
71292,25,24,2,1,1.5,3,5,1
148262,17,3,1,,,,,
484387,11,5,,,0.8,3,1,
626291,4,,,,,,,
92469,30,18,,2,0.67,1,5,
333241,36,35,4,1,1.31,6,8,
567576,5,,,,,,,
614811,3,,,,,,,
272642,35,35,5,5,1.2,11,6,
146795,30,27,2,3,1.19,13,3,
272999,36,30,1,,1.2,14,2,
199527,38,33,1,2,1.24,4,4,
123682,18,18,8,,0.83,5,4,
108725,35,34,5,,1.26,14,1,
196522,36,8,,,1.5,,1,
246291,30,28,3,,1.18,4,7,
328784,21,20,,,1.05,2,3,
75067,22,21,,1,1.19,1,5,
597659,31,5,,,1.4,,1,
661208,16,2,,,1.5,,,
746067,4,,,,,,,
410708,31,29,1,,1,2,6,
374139,25,24,,2,0.83,8,11,
614082,11,1,,,,,,
67420,26,26,2,2,0.85,2,4,
158764,34,34,1,1,1,3,5,
531957,10,3,,,1,,1,
351749,23,20,,1,1.2,2,4,
734375,9,,,,,,,
581677,14,,,,,,1,
92738,37,33,1,2,0.97,19,5,
534700,28,14,,,0.86,4,4,
121257,26,22,,1,1.05,4,5,
587003,16,3,,,1,2,,
532178,21,7,,2,1.57,1,,
922693,6,,,,,,,
417346,37,35,8,1,0.89,12,3,
592474,9,1,,,,,,
411295,35,35,11,3,1,8,7,
319301,35,34,4,5,1.12,12,7,
173900,36,23,,1,1.22,8,3,
474701,25,6,,,0.83,1,,
183334,10,9,2,2,1.11,3,1,
131505,33,31,6,1,1.06,11,9,
296986,27,23,1,1,0.83,3,5,
503980,31,20,2,4,0.65,3,4,
243028,37,31,4,,1.16,4,10,
563963,36,34,,,1.09,,8,1
163744,22,11,,,0.73,1,3,
379807,24,15,,,1.07,,2,
503976,3,,,,,,,
318523,35,20,,1,1,4,3,
746554,3,,,,,,,
503981,28,28,1,2,1.14,3,2,
341051,37,32,1,2,1,2,5,
406008,34,5,,,0.8,,,
413032,35,23,,2,1.13,3,1,
66100,37,36,2,2,1.08,13,9,
181579,36,36,10,5,1,1,3,
130765,27,25,2,1,1.32,7,1,
444211,16,4,,,0.25,2,,
703577,1,,,,,,,
866655,1,,,,,,,
186644,35,30,4,2,1.1,11,4,
485424,22,12,,,1.08,3,3,
129078,30,27,1,5,0.93,6,,
340322,28,14,,1,0.79,9,2,
33713,23,9,,,1.33,5,,
571743,32,32,6,1,1.13,16,2,
346779,34,30,7,3,1.03,10,,
250426,37,23,2,3,0.87,7,1,
37304,31,13,1,,1.23,3,1,
328658,27,24,1,2,1.29,7,5,
442248,32,32,1,1,1.13,4,1,
125314,37,37,3,2,1.16,1,7,
503241,2,,,,,,,
724529,1,,,,,,,
92572,33,28,,,1.29,,8,
85177,33,16,,1,1.56,,1,
78959,29,,,,,,,
241481,18,3,,,,1,,
74300,29,15,,,1.33,8,1,
66934,33,27,,1,1.33,9,3,
488362,34,34,8,3,1.32,7,10,
207014,31,16,,1,1.56,8,6,
41416,22,21,,4,1.43,4,3,
157506,36,32,4,2,1.25,7,1,
479999,25,13,1,1,1,4,1,
145988,33,33,14,1,1.3,2,4,1
566723,28,26,2,5,1.23,8,4,
586834,7,2,,,1.5,1,,
596821,1,,,,,,,
344152,39,32,8,4,1.38,14,5,
420002,30,22,5,1,1.18,12,2,
108354,37,31,3,3,1.13,13,2,
50201,44,32,5,1,1.06,5,5,
703474,2,,,,,,,
361260,19,11,,,0.18,2,2,
128904,35,28,,,0.79,,3,1
121385,33,33,1,,0.58,2,2,
621993,14,5,1,,0.6,,1,
77812,13,3,,,,2,,
511802,12,12,,,0.67,1,5,
696762,6,,,,,,,
507700,33,26,,1,0.69,4,8,
295630,37,18,,1,0.78,4,2,
471690,36,34,,2,0.53,3,8,
236953,21,15,,,0.73,1,3,
433186,6,1,,,,,,
257805,28,27,1,2,0.74,12,7,
377393,37,33,1,1,0.55,12,5,
390664,26,10,,,0.7,1,,
423744,31,24,,1,0.33,6,2,
126600,32,31,1,,0.58,2,3,
82863,26,19,,,0.58,5,,
724785,4,,,,,,,
332341,12,8,,,0.38,3,2,
258916,36,19,1,1,0.47,8,,
672381,21,13,,1,0.23,,,
451677,30,14,,,0.86,3,,
383109,24,12,,,0.33,6,1,
291739,32,31,1,2,0.65,14,,
570864,6,3,,,,1,1,
393325,26,26,2,1,0.62,14,1,
46972,37,37,11,3,0.59,8,4,
434223,23,17,1,1,0.76,3,,
605498,7,7,,,1.14,1,,
566888,1,,,,,,,
696764,1,,,,,,,
255744,36,36,,,0.81,8,9,
192875,28,17,,,0.76,,3,
81512,31,16,,,0.69,,,
371436,16,5,,,,1,,
59606,35,31,,1,0.74,3,3,
290017,35,30,1,,1.07,7,5,1
286949,33,15,,1,0.67,2,,
50174,15,8,,,0.5,1,4,
610621,8,,,,,,,
503795,33,16,,,0.63,4,,
76467,27,27,,5,0.56,9,2,
486477,37,30,4,1,0.93,8,3,
635336,29,20,,,0.5,9,6,
46001,37,36,2,1,0.56,1,5,
236471,23,13,,,1.31,6,,
409106,12,9,,,0.89,1,3,
73484,34,28,,2,0.57,15,2,
74943,28,26,1,1,0.62,6,3,1
44983,18,4,1,,1,1,,
733494,1,,,,,,,
252345,31,18,,,0.83,3,1,
711247,3,,,,,,,
173504,35,35,1,2,0.89,1,11,
469050,36,19,2,,1.05,,2,
74810,21,21,3,,0.9,1,3,
111114,30,6,,,0.67,,1,
43763,25,12,,1,0.92,1,1,
788283,24,,,,,,,
195633,31,31,,3,0.84,,3,
686839,5,,,,,,,
214666,25,21,1,1,1.14,2,2,
102258,37,25,1,2,1,3,3,
15773,32,,,,,,,
91317,27,27,,3,0.67,3,7,
40613,38,20,1,,1.05,6,4,
293569,35,35,2,3,0.97,1,10,
49755,19,3,,,1.33,,1,
677311,1,,,,,,,
657863,5,,,,,,,
584769,38,38,,1,0.92,9,1,
234781,29,27,9,1,0.78,13,2,1
614700,7,,,,,,,
89231,18,18,,1,0.67,8,2,
14221,35,28,2,,1,9,2,
228645,38,38,8,4,1.08,10,5,
108725,35,34,5,,1.26,14,1,
53360,31,29,2,2,0.9,8,3,
101500,22,22,2,3,1.14,4,1,
63200,30,23,1,,0.78,6,4,
704801,2,,,,,,,
258004,31,29,2,4,2.48,3,5,
176553,35,33,4,,2.52,5,5,
177476,36,14,2,,2.64,2,,
340460,7,4,,,1.25,2,,
581669,7,1,,,3,,,
609883,14,,,,,,,
203853,32,15,,4,2.67,,,
576121,6,,,,,,,
157495,2,1,,,,1,,
182712,37,36,1,7,2.42,1,7,
95424,27,20,,2,2.2,1,1,
627228,29,28,1,3,1.96,11,4,
357565,35,33,7,2,2.52,4,5,
628451,9,,,,,,,
26267,51,32,3,3,2.25,8,6,
53622,35,27,8,3,2.7,5,1,
583199,13,2,,,3,,,
433183,2,,,,,,,
88755,33,30,15,8,2.3,9,2,
241641,38,35,8,4,2.49,6,6,
568177,24,4,,,3,1,,
406635,33,28,9,5,2.43,9,1,
134425,37,30,13,6,2.43,6,1,
203460,34,26,3,3,2.31,7,3,
398184,25,22,6,5,2.27,9,1,
680806,1,,,,,,,
171424,36,28,11,5,2.39,5,,
668265,3,1,,,3,,,
363205,34,28,8,9,2.43,8,1,
610849,4,1,,,3,,,
139208,35,34,3,4,2.41,,3,
357119,37,11,,,2.27,,2,
256178,29,8,,1,2.5,1,2,
82105,35,31,3,3,2.48,,2,
371814,4,,,,,,,
503679,1,,,,,,,
86202,35,34,3,2,1.91,1,9,
196948,28,19,,,2.21,2,2,
157509,27,24,1,,1.5,2,1,
346314,33,20,3,1,2.3,4,2,
344596,29,8,,,2,2,2,
29241,36,32,3,1,1.81,2,2,
316125,13,7,3,1,2.71,,,
181778,34,30,1,2,1.63,6,3,
112515,34,28,4,5,1.64,9,8,
670858,2,,,,,,,
472423,27,26,5,9,1.73,4,4,
57500,34,27,1,2,1.78,8,3,
102017,36,29,6,2,2.07,8,5,
51471,25,25,2,5,2.04,5,4,
148928,36,13,,1,2.38,2,1,
202886,30,24,,3,1.88,3,1,
423744,31,24,,1,0.33,6,2,
131978,27,6,1,,2.33,1,,
346483,35,32,11,10,1.97,7,4,
309400,35,29,8,4,2,11,3,
581675,3,,,,,,,
392768,22,15,1,3,1.93,8,1,
281404,8,1,,1,3,1,,
315779,27,22,6,2,1.77,4,2,
217111,36,23,4,3,1.91,6,3,
96341,29,26,8,1,1.88,5,1,
331726,38,37,17,4,1.7,13,9,
170527,28,21,4,1,1.9,8,1,
164770,24,22,1,1,1.73,,,
177907,33,30,1,,1.67,1,7,1
583189,24,21,2,2,1.43,9,,
811779,7,2,,,0.5,,,
319301,35,34,4,5,1.12,12,7,
536835,10,5,1,,1.6,2,,
640026,2,1,,,,,,
532826,21,18,5,1,1.72,12,1,
8198,31,31,18,3,1.61,6,9,
182877,22,17,1,1,1.65,9,1,
48280,15,15,2,1,1.47,3,,
406638,19,18,,,1.78,2,6,
249126,35,19,,1,1.58,3,2,
581598,19,,,,,,,
633659,5,,,,,,,
504051,1,,,,,,,
167799,37,36,2,2,1.94,3,3,
450936,27,20,1,3,1.4,10,4,
354362,39,36,,6,1.97,14,6,
348795,29,25,1,1,1.72,8,2,
392775,22,15,,2,2,9,2,
207929,37,21,1,,1.14,4,4,
728734,3,,,,,,,
91845,35,35,23,9,1.94,15,2,
537382,31,22,,1,1.36,7,3,
284165,32,25,3,1,1.96,3,1,
431755,40,38,6,11,1.92,13,4,
77100,36,34,2,6,1.88,13,4,
530807,1,,,,,,,
132098,37,37,17,9,1.84,1,5,
670883,24,1,,,3,,,
435338,35,35,5,,1.97,3,6,1
253341,36,15,1,,2.07,,2,1
215118,23,13,1,,1.15,2,1,
210178,23,17,2,,1.18,,3,
586980,1,,,,,,,
581445,2,,,,,,,
697282,1,,,,,,,
300716,26,22,1,3,1.91,4,,
535955,38,22,1,1,1.77,3,2,
94005,21,16,,1,2.13,6,1,
335721,34,32,,,1.88,,3,
331560,23,22,,1,1.91,4,2,
191217,29,23,,2,1.87,,2,
112988,33,21,1,1,1.86,4,3,
610649,1,,,,,,,
540687,15,,,,,,,
230784,24,24,2,1,2.08,6,6,
160438,33,14,,2,1.71,,1,
111455,27,27,1,2,1.78,3,10,
381967,37,19,,,1.74,3,5,
581674,6,,,,,,,
547533,4,,,,,,,
285845,35,16,,,1.69,7,,
316264,36,36,7,4,1.92,12,4,
392765,35,33,10,2,1.73,11,1,
668495,1,,,,,,,
741238,8,,,,,,,
655488,36,29,6,6,1.72,11,1,1
433177,38,38,11,7,1.82,20,6,
40611,9,4,,,0.5,1,1,
262226,29,27,1,,1.52,2,1,
413220,15,13,,,1.46,1,,
215876,24,14,1,3,1.57,4,3,
530732,15,7,,,0.43,2,2,
274839,21,19,,,1.32,2,4,
344605,26,19,,1,1.37,6,,
341501,31,6,,,1.33,3,1,
111051,17,14,,,1.57,5,3,
533657,5,1,,,,,,
249565,33,32,6,4,1.47,5,3,
129588,26,23,2,2,1.74,10,3,
475188,36,28,1,2,1.46,4,4,
61560,34,17,1,2,1.35,,3,
294057,35,35,12,8,1.4,14,3,
621193,5,1,,,3,,,
398065,35,32,6,10,1.34,11,2,
246968,32,14,2,3,1.14,5,,
406040,33,26,6,,1.12,13,2,
295330,35,26,4,5,1.12,9,1,
365172,36,23,5,3,1.17,11,2,
197838,27,25,15,2,1.56,5,2,
253677,36,36,1,3,1.22,,11,
413403,32,29,2,,1.21,3,4,1
215118,23,13,1,,1.15,2,1,
342046,27,10,,,1.6,1,1,
233124,26,7,1,,1.14,1,,
875929,3,,,,,,,
126664,30,29,,4,1.17,3,6,
250478,36,33,1,1,1.42,3,3,
670846,7,,,,,,,
425334,38,38,4,3,1.18,3,8,
354352,34,33,,4,1.7,9,4,
14086,36,24,,2,1.38,4,2,
626888,2,,,,,,,
324882,24,16,,,0.94,5,5,
645686,1,,,,,,,
134294,33,30,7,6,1.23,15,4,
381362,19,12,,,2.08,5,1,
533662,12,3,,,1,,,
412660,6,1,,,,,,
742746,7,6,,,1.5,1,,
118534,36,32,3,2,1.09,1,2,1
289446,14,13,,,1.62,3,3,
343475,24,23,,,0.83,2,6,
348623,35,25,2,1,1.08,1,7,
661053,26,6,1,,0.17,,,
655986,6,,,,,,,
126664,30,29,,4,1.17,3,6,
404842,32,28,1,3,1.96,6,2,
591193,26,23,,,0.96,5,5,
424015,23,6,,1,3,,,
258883,37,15,,1,0.67,1,1,1
68390,34,30,1,1,1.13,2,4,
126422,33,28,,2,1.14,7,7,
182894,27,14,2,2,1.57,4,4,
288255,31,15,2,,1.13,2,1,
127187,31,30,2,4,1.13,2,6,
221025,21,14,,1,1.14,5,3,
314210,15,6,1,,0.83,1,1,
50362,16,11,,,1.18,6,2,
663225,5,3,,,0.33,,,
612749,5,1,,,,,,
242631,35,28,2,2,1.32,7,1,
207929,37,21,1,,1.14,4,4,
726992,1,,,,,,,
292417,34,34,5,4,1.03,19,3,
503733,37,35,4,2,0.91,11,4,
627248,11,3,,,1.67,,1,
183720,28,11,1,1,1.18,2,2,
61842,25,21,3,2,1,6,3,
378710,30,30,10,5,1.13,7,8,
306024,20,17,5,2,1.18,6,2,
364135,33,33,5,3,2,11,5,
80197,30,20,1,1,0.85,3,2,
45671,8,1,,,,,,
344009,1,,,,,,,
511550,19,13,3,,1.46,3,1,
128901,38,38,4,,1.34,3,4,
525247,32,30,1,,1.53,2,3,
204198,33,31,2,,1.32,4,6,
142310,24,10,,,0.8,,1,
716276,5,,,,,,,
606718,33,20,1,,1.4,2,5,
495993,1,,,,,,,
539807,11,,,,,,,
578391,35,23,1,4,1.13,3,4,
175446,17,13,2,,0.85,2,1,
504581,2,,,,,,,
137745,50,36,1,2,1.56,6,9,
698678,4,,,,,,,
231572,29,25,,1,1.56,6,1,
485583,29,8,,,0.75,1,1,
225161,33,33,4,2,1.33,4,9,
168157,37,30,2,2,1.47,4,4,
29364,36,35,2,1,1.37,6,4,
415646,20,12,,1,1.08,5,5,
532541,33,4,,,1.5,1,,
337787,25,25,7,4,1.32,9,2,
429014,3,2,,,,,1,
614603,7,1,,,,,,
256977,29,26,2,3,1.73,11,2,
695454,30,23,3,6,1.3,7,5,
487465,13,13,1,1,0.85,5,3,
412669,37,28,2,1,1.21,15,,
204103,38,31,1,2,1.71,9,,
206040,34,34,6,4,1.24,8,5,2
292246,33,32,5,1,1.38,16,2,
505653,37,22,,,1.41,4,,
157509,27,24,1,,1.5,2,1,
272622,34,13,,1,1.62,1,,
121477,37,34,2,2,1.56,1,5,
48002,11,11,1,,2.09,1,1,
502065,11,,,,,,,
610706,5,,,,,,,
181380,29,13,1,1,1.31,2,1,
92571,31,31,2,3,1.45,2,3,
157672,31,28,,4,1.39,3,3,1
468002,32,20,1,,1.7,3,1,
140191,25,7,,,1.57,1,1,
559130,8,1,,,,,,
357662,36,36,1,4,1.47,,8,
283628,36,35,5,1,1.43,1,3,
337333,38,6,,1,1.67,2,,
538994,1,,,,,,,
31835,33,11,1,,1.45,2,,
561452,2,1,,,,,,
357885,36,36,6,4,1.39,13,4,
293200,38,24,1,1,1.33,8,,
135853,36,30,5,3,1.3,12,2,
290532,33,32,8,6,1.53,22,,
531461,10,,,,,,,
314875,36,36,12,12,1.47,12,6,
69015,35,19,1,,1.42,1,1,
104124,37,36,10,8,1.56,10,6,1
670877,5,1,,,,,,
148153,30,29,1,,1.38,,3,
212847,26,22,2,,1.73,3,5,
134270,32,29,1,1,1.66,2,8,
119269,30,18,1,,1.39,,7,
533523,14,,,,,,,
580809,2,,,,,,,
567597,9,,,,,,,
284857,36,36,1,1,1.25,3,6,
401604,9,6,,1,2,3,,
504148,33,30,,2,1.2,9,4,
85475,18,7,,,0.86,1,,
250478,36,33,1,1,1.42,3,3,
346018,19,5,,,0.8,2,1,
170321,16,3,,,2.33,1,2,
95810,23,21,2,,1.86,7,1,
184528,35,20,,1,1.6,6,5,
162029,30,19,1,2,1.05,6,5,
520624,37,37,5,5,1.76,12,6,
206225,17,14,1,,0.36,3,5,
340329,31,29,2,,1.28,15,,
346707,37,24,1,1,1.29,3,1,
71292,25,24,2,1,1.5,3,5,1
148262,17,3,1,,,,,
484387,11,5,,,0.8,3,1,
626291,4,,,,,,,
92469,30,18,,2,0.67,1,5,
333241,36,35,4,1,1.31,6,8,
567576,5,,,,,,,
614811,3,,,,,,,
272642,35,35,5,5,1.2,11,6,
146795,30,27,2,3,1.19,13,3,
272999,36,30,1,,1.2,14,2,
199527,38,33,1,2,1.24,4,4,
123682,18,18,8,,0.83,5,4,
108725,35,34,5,,1.26,14,1,
196522,36,8,,,1.5,,1,
246291,30,28,3,,1.18,4,7,
328784,21,20,,,1.05,2,3,
75067,22,21,,1,1.19,1,5,
597659,31,5,,,1.4,,1,
661208,16,2,,,1.5,,,
746067,4,,,,,,,
410708,31,29,1,,1,2,6,
374139,25,24,,2,0.83,8,11,
614082,11,1,,,,,,
67420,26,26,2,2,0.85,2,4,
158764,34,34,1,1,1,3,5,
531957,10,3,,,1,,1,
351749,23,20,,1,1.2,2,4,
734375,9,,,,,,,
581677,14,,,,,,1,
92738,37,33,1,2,0.97,19,5,
534700,28,14,,,0.86,4,4,
121257,26,22,,1,1.05,4,5,
587003,16,3,,,1,2,,
532178,21,7,,2,1.57,1,,
922693,6,,,,,,,
417346,37,35,8,1,0.89,12,3,
592474,9,1,,,,,,
411295,35,35,11,3,1,8,7,
319301,35,34,4,5,1.12,12,7,
173900,36,23,,1,1.22,8,3,
474701,25,6,,,0.83,1,,
183334,10,9,2,2,1.11,3,1,
131505,33,31,6,1,1.06,11,9,
296986,27,23,1,1,0.83,3,5,
503980,31,20,2,4,0.65,3,4,
243028,37,31,4,,1.16,4,10,
563963,36,34,,,1.09,,8,1
163744,22,11,,,0.73,1,3,
379807,24,15,,,1.07,,2,
503976,3,,,,,,,
318523,35,20,,1,1,4,3,
746554,3,,,,,,,
503981,28,28,1,2,1.14,3,2,
341051,37,32,1,2,1,2,5,
406008,34,5,,,0.8,,,
413032,35,23,,2,1.13,3,1,
66100,37,36,2,2,1.08,13,9,
181579,36,36,10,5,1,1,3,
130765,27,25,2,1,1.32,7,1,
444211,16,4,,,0.25,2,,
703577,1,,,,,,,
866655,1,,,,,,,
186644,35,30,4,2,1.1,11,4,
485424,22,12,,,1.08,3,3,
129078,30,27,1,5,0.93,6,,
340322,28,14,,1,0.79,9,2,
33713,23,9,,,1.33,5,,
571743,32,32,6,1,1.13,16,2,
346779,34,30,7,3,1.03,10,,
250426,37,23,2,3,0.87,7,1,
37304,31,13,1,,1.23,3,1,
328658,27,24,1,2,1.29,7,5,
442248,32,32,1,1,1.13,4,1,
125314,37,37,3,2,1.16,1,7,
372240,25,11,,,1.45,2,3,
52059,14,8,1,,1.25,1,2,
376856,12,6,,,1.33,,3,
134277,6,,,,,,,
339556,34,34,3,,1.26,9,2,
503688,13,2,,,,2,,
391005,36,21,1,1,1.29,2,1,
587019,23,1,,,,,,
148367,35,35,3,4,1.29,5,8,
270171,32,31,4,,1.29,14,3,
69633,11,11,1,4,2,,1,
319859,35,31,,1,1,11,,
340321,10,9,,,0.89,1,,
421637,26,20,,,1.4,11,4,
533916,32,22,1,,1.05,6,,1
462832,23,9,,,1.33,4,1,
470596,4,,,,,,,
204294,33,17,1,2,0.82,4,2,
587002,4,,,,,,,
388165,33,30,7,1,1.3,7,,
249873,8,1,,,,,,
596216,1,,,,,,,
413039,36,35,4,7,1.23,12,4,
251845,33,31,3,2,1.06,16,6,1
581679,8,1,,,3,,,
251664,33,33,12,5,1.24,,8,
404584,23,7,,1,0.86,,,
465606,35,28,4,1,1.25,17,2,
392757,37,36,2,1,1.25,1,4,
260827,34,34,,3,1.32,1,4,
507254,4,1,,,,,,
61592,27,8,1,,1,1,2,
730893,37,36,,2,1.22,3,1,
503241,2,,,,,,,
92572,33,28,,,1.29,,8,
85177,33,16,,1,1.56,,1,
78959,29,,,,,,,
241481,18,3,,,,1,,
74300,29,15,,,1.33,8,1,
66934,33,27,,1,1.33,9,3,
488362,34,34,8,3,1.32,7,10,
207014,31,16,,1,1.56,8,6,
41416,22,21,,4,1.43,4,3,
157506,36,32,4,2,1.25,7,1,
479999,25,13,1,1,1,4,1,
145988,33,33,14,1,1.3,2,4,1
566723,28,26,2,5,1.23,8,4,
586834,7,2,,,1.5,1,,
596821,1,,,,,,,
344152,39,32,8,4,1.38,14,5,
420002,30,22,5,1,1.18,12,2,
108354,37,31,3,3,1.13,13,2,
50201,44,32,5,1,1.06,5,5,
703474,2,,,,,,,
361260,19,11,,,0.18,2,2,
128904,35,28,,,0.79,,3,1
121385,33,33,1,,0.58,2,2,
621993,14,5,1,,0.6,,1,
77812,13,3,,,,2,,
511802,12,12,,,0.67,1,5,
696762,6,,,,,,,
507700,33,26,,1,0.69,4,8,
295630,37,18,,1,0.78,4,2,
471690,36,34,,2,0.53,3,8,
236953,21,15,,,0.73,1,3,
433186,6,1,,,,,,
257805,28,27,1,2,0.74,12,7,
377393,37,33,1,1,0.55,12,5,
390664,26,10,,,0.7,1,,
423744,31,24,,1,0.33,6,2,
126600,32,31,1,,0.58,2,3,
724785,4,,,,,,,
332341,12,8,,,0.38,3,2,
258916,36,19,1,1,0.47,8,,
672381,21,13,,1,0.23,,,
451677,30,14,,,0.86,3,,
383109,24,12,,,0.33,6,1,
291739,32,31,1,2,0.65,14,,
570864,6,3,,,,1,1,
393325,26,26,2,1,0.62,14,1,
46972,37,37,11,3,0.59,8,4,
434223,23,17,1,1,0.76,3,,
605498,7,7,,,1.14,1,,
566888,1,,,,,,,
696764,1,,,,,,,
255744,36,36,,,0.81,8,9,
192875,28,17,,,0.76,,3,
81512,31,16,,,0.69,,,
371436,16,5,,,,1,,
59606,35,31,,1,0.74,3,3,
290017,35,30,1,,1.07,7,5,1
286949,33,15,,1,0.67,2,,
50174,15,8,,,0.5,1,4,
610621,8,,,,,,,
503795,33,16,,,0.63,4,,
76467,27,27,,5,0.56,9,2,
486477,37,30,4,1,0.93,8,3,
635336,29,20,,,0.5,9,6,
46001,37,36,2,1,0.56,1,5,
236471,23,13,,,1.31,6,,
409106,12,9,,,0.89,1,3,
73484,34,28,,2,0.57,15,2,
74943,28,26,1,1,0.62,6,3,1
44983,18,4,1,,1,1,,
733494,1,,,,,,,
252345,31,18,,,0.83,3,1,
711247,3,,,,,,,
875581,1,,,,,,,
410225,22,22,5,2,0.77,4,2,
424051,25,15,1,1,0.67,4,1,
626724,29,28,3,1,0.46,5,1,
448854,33,33,10,6,0.64,12,7,1
459463,48,41,14,4,0.93,9,6,
91059,33,32,5,3,0.59,7,5,
289846,26,10,,,1.1,3,2,
65477,2,2,,,1.5,,,
594276,2,,,,,,,
852517,1,,,,,,,
974327,1,,,,,,,
173504,35,35,1,2,0.89,1,11,
469050,36,19,2,,1.05,,2,
74810,21,21,3,,0.9,1,3,
111114,30,6,,,0.67,,1,
43763,25,12,,1,0.92,1,1,
788283,24,,,,,,,
195633,31,31,,3,0.84,,3,
686839,5,,,,,,,
214666,25,21,1,1,1.14,2,2,
102258,37,25,1,2,1,3,3,
15773,32,,,,,,,
91317,27,27,,3,0.67,3,7,
40613,38,20,1,,1.05,6,4,
293569,35,35,2,3,0.97,1,10,
49755,19,3,,,1.33,,1,
677311,1,,,,,,,
657863,5,,,,,,,
584769,38,38,,1,0.92,9,1,
234781,29,27,9,1,0.78,13,2,1
614700,7,,,,,,,
89231,18,18,,1,0.67,8,2,
14221,35,28,2,,1,9,2,
228645,38,38,8,4,1.08,10,5,
108725,35,34,5,,1.26,14,1,
53360,31,29,2,2,0.9,8,3,
101500,22,22,2,3,1.14,4,1,
63200,30,23,1,,0.78,6,4,
704801,2,,,,,,,
281963,26,25,,2,2.36,11,7,
344695,32,28,1,6,2.39,2,4,
166601,28,28,1,2,2.29,4,2,
538996,31,17,1,1,2.53,3,4,
578539,23,20,1,1,1.5,1,1,
580193,5,,,,,,,
522248,1,,,,,,,
424204,22,22,,4,2.32,6,3,
424881,31,12,,,2.42,4,1,
353366,28,25,,1,2.28,5,2,
483046,23,13,1,,2.46,4,1,
190685,16,5,,,2.2,,,
161056,28,28,3,12,2.21,4,4,
336869,24,9,,,2.44,4,,
31741,1,,,,,,,
153084,20,19,3,3,2.21,11,,
106987,27,27,1,1,2.11,7,1,
190393,19,15,2,1,2.67,7,,
344600,21,14,,,0.86,11,2,
57574,1,,,,,,,
580195,32,30,5,5,2.33,7,2,
604327,3,3,,,1.33,,,
900909,9,4,,,2.25,,,
467437,17,4,,,2.25,1,,
744728,1,,,,,,,
243714,21,21,6,3,2.48,12,1,
604323,9,7,1,,3,1,,
159471,34,34,14,5,2.26,15,,
192565,32,32,7,7,2.38,14,3,
58358,32,32,8,21,2.31,20,,
38253,34,34,35,4,2.26,6,2,
45660,22,20,4,2,1.9,1,,
636898,2,1,,,,,,
284730,26,26,1,,2,2,3,
344598,18,15,,,1.87,2,2,
39728,24,23,1,2,2.09,5,4,
282144,32,17,,,2.24,4,3,
659513,2,,,,,,,
482573,11,2,,,1.5,,1,
170986,23,23,4,3,1.78,11,1,
85867,24,16,,2,2.13,3,2,
798043,3,2,1,,1.5,1,1,
100986,18,17,2,4,2,5,4,
193900,29,27,3,2,2,13,4,
274461,27,10,1,1,1.9,3,,
521919,2,1,,,3,,,
119296,24,24,5,1,2.13,5,5,
35047,33,29,2,,2.24,10,4,
392710,4,2,,,3,,,
581678,32,32,3,8,2.06,5,9,
191422,23,22,2,4,2,7,5,1
91849,29,27,2,1,2,5,2,1
384745,15,10,,1,0.4,4,,
504215,10,10,2,1,1.9,5,,
187492,31,31,9,8,2.03,14,3,
35207,29,29,9,16,2.1,11,2,
627226,30,13,,,1.77,1,,
412935,2,1,,,3,,,
655912,3,,,,,,,
102226,23,23,4,1,2.09,8,2,
670882,5,4,,,1.5,1,,
326029,27,27,5,6,2.07,17,2,
429874,29,17,1,1,1.29,5,,
596153,1,,,,,,,
418560,24,24,22,8,2.08,7,3,
467720,23,16,2,2,1.75,1,1,
296879,16,9,3,,2,,,
475959,32,29,2,2,1.76,5,7,
666234,30,28,1,,1.82,8,5,
93740,30,30,2,1,1.73,4,1,
277179,31,29,2,5,1.66,5,3,
70243,11,8,1,,2,2,,
348026,32,28,1,4,1.64,9,3,
215599,26,23,,1,1.83,5,1,
202591,30,22,3,3,1.82,5,3,
508637,7,1,,,,,,
332705,30,24,,1,1.88,4,5,
223967,29,26,4,4,1.81,14,2,
402008,20,20,3,1,1.6,6,2,
106987,27,27,1,1,2.11,7,1,
617074,25,16,,,1.13,5,7,1
53418,31,27,,1,1.37,15,4,
717345,11,1,,,3,,,
293385,20,19,3,3,1.84,6,2,
451276,34,31,6,8,1.58,10,2,
111078,31,31,6,2,1.58,15,2,
605306,2,,,,,,,
668276,23,8,1,,2.38,1,,
597004,11,1,,,3,,,
405685,1,,,,,,,
344381,34,34,20,15,1.71,13,2,
198008,34,33,11,5,1.67,15,1,
292246,33,32,5,1,1.38,16,2,
157635,26,25,6,1,2,10,2,
473169,25,20,7,3,1.8,5,1,
564545,23,22,1,,1.73,,1,
196357,33,33,2,3,1.85,4,4,
644771,29,27,,1,2,4,3,
659813,29,27,1,1,2,6,5,
324351,30,9,,,1.89,1,,
644613,3,,,,,,,
361065,26,25,1,4,2,6,6,
228433,27,19,1,1,2.74,6,6,
484547,26,25,1,6,1.76,10,6,
315131,9,6,,,2.5,,,
119211,2,,,,,,,
159088,27,26,4,3,1.92,6,5,
34787,11,6,,,2.67,1,1,
125858,29,29,1,7,1.69,11,10,
401578,26,23,2,2,1.83,9,2,
232454,31,26,1,2,1.5,9,,
89701,26,26,1,4,2.12,6,2,
788445,7,3,,,1.33,,,
598577,24,24,7,10,1.79,14,2,
532776,25,25,3,2,1.76,10,3,
282144,32,17,,,2.24,4,3,
119277,33,27,1,4,1.44,9,2,
690222,1,,,,,,,
711517,7,2,,,3,,,
406640,27,16,,1,1.06,1,2,
293169,36,33,7,3,1.39,14,1,
303259,32,22,2,3,0.82,4,2,
194638,31,20,,2,1.55,12,6,
196095,22,16,3,2,0.88,9,2,
143891,30,22,1,4,1.27,12,2,
36182,32,30,12,6,1.73,22,1,
66058,12,8,1,,1.88,3,1,
314288,25,25,8,1,1.24,11,5,
228645,38,38,8,4,1.08,10,5,
391004,30,30,11,5,1.77,14,3,
445939,24,23,3,5,1.48,15,3,
535551,19,12,,,1.58,1,1,
79501,14,2,,,1.5,,,
124502,31,28,1,,1.43,3,2,
192635,28,28,1,,1.21,1,3,
196231,24,21,,,1.62,2,3,1
403898,23,17,,1,1.53,2,5,
47587,20,3,,,2,2,,
392133,4,,,,,,,
340480,2,,,,,,,
284732,23,23,4,2,1.09,1,6,
504153,33,30,1,2,1.23,4,4,
85791,23,21,1,3,1.33,12,2,
334526,26,25,3,2,1.4,2,5,
82097,24,18,,,1.56,3,1,
278332,34,29,4,4,1.31,11,2,
624690,28,27,2,1,1.44,14,10,
243188,30,13,,1,1.31,3,,
321096,23,4,,,0.5,,1,
48298,27,26,4,5,1.42,13,10,
520857,22,3,,,1.67,,,
368860,18,10,,,0.9,3,,
167329,34,33,10,8,1.27,12,4,
321070,18,7,,,1.43,2,2,
472246,1,,,,,,,
7161,26,26,12,5,1.31,6,1,
181547,26,18,3,,0.83,2,3,
318204,32,32,3,13,1.34,5,5,
450234,6,2,,,1.5,,,
223974,32,28,2,,1.57,6,5,
143798,19,19,1,3,1.53,9,5,
796429,11,2,,,,,,
195736,18,18,,,1.56,1,7,
315604,30,24,2,1,1.63,16,7,
443710,31,26,2,2,1.23,6,1,
57051,25,21,3,1,1.14,4,5,
476915,18,7,,,1.29,2,,
452065,1,,,,,,,
251309,22,20,2,2,1.45,12,6,
569031,1,1,,,,,,
270393,16,12,,3,0.75,2,1,
324278,29,29,7,1,1.34,14,5,
215864,19,10,,1,1.6,5,2,
822959,7,1,,,,,,
293281,27,25,4,1,1.04,8,1,
574193,1,,,,,,,
237164,28,28,7,3,1.5,18,,
538977,33,33,8,4,1.39,10,2,
46580,32,32,6,10,1.25,5,2,
145866,32,27,3,5,1.33,15,5,
125614,25,22,6,,2.18,7,1,
524290,7,2,,,1.5,,,
31535,1,1,,,,,,
388198,32,32,4,1,1.69,4,5,
225657,32,32,5,,1.59,2,2,
413843,30,12,,,1.92,1,1,
110036,23,8,,,1.38,7,,
45683,29,20,,,1.65,8,2,
527276,1,,,,,,,
93707,34,34,2,10,1.62,,2,
578680,26,18,,1,1.11,8,5,
93604,30,29,2,,1.69,14,2,
548348,20,7,,,1.57,,1,
70285,18,13,,1,1.62,3,,
285323,36,35,2,1,1.69,5,7,
342039,17,12,,,1.83,3,1,
55099,31,30,2,6,1.7,4,5,
405670,2,,,,,,,
190284,32,31,1,2,1.65,16,2,
177779,34,26,3,,1.62,6,1,
690429,4,,,,,,,
185077,34,34,9,8,1.62,18,,
392163,20,10,,2,1.5,1,,
346900,4,,,,,,,
332798,31,31,4,5,1.58,18,1,
473050,24,21,4,1,1.57,7,2,
297583,32,32,5,2,1.59,23,1,
248999,34,34,7,4,1.62,17,2,
335457,33,31,2,3,1.71,9,4,
42936,27,22,5,1,1.68,3,,
273054,3,1,,,1,,,
415912,31,31,4,1,1.03,5,3,
193004,29,29,2,1,1.07,1,5,
160938,26,24,3,1,1,3,3,
353892,32,29,1,1,0.79,3,2,
470594,19,3,,,1,1,,
433388,18,17,1,1,1.94,2,3,
293194,28,28,1,8,1.04,2,4,
195246,27,16,,,0.88,3,1,
146310,33,33,4,2,0.97,4,4,
232320,28,24,,1,1.29,7,7,1
493899,7,,,,,,,
289592,30,28,1,4,0.89,14,4,
569366,11,6,,1,0.33,,,
400546,12,8,,,1,2,1,
538971,12,3,,,,,,
179635,26,20,2,1,1.1,9,4,
540302,24,15,,1,0.8,6,2,
156779,32,23,3,2,1.35,10,1,
60394,9,6,1,,0.67,3,,
588020,20,4,,,0.5,,,
472243,5,4,,,1,,,
57995,15,10,,1,0.9,1,1,
431561,22,19,2,,1.05,8,,
386786,1,,,,,,,
750886,18,13,,,0.54,2,1,
612826,9,9,,,0.89,3,,
272278,25,25,3,2,1,16,3,
618425,28,21,,2,0.86,11,8,
369567,16,15,6,2,1,1,2,
616344,30,27,4,,1.93,7,4,
445939,24,23,3,5,1.48,15,3,
610431,16,13,3,,0.23,,2,
572919,1,1,,,3,1,,
193534,20,16,4,2,1.13,7,2,
162434,27,26,1,,1.15,1,3,
227110,22,15,,1,2.07,3,2,
432281,19,12,,1,1.08,4,2,
160938,26,24,3,1,1,3,3,
692734,19,13,1,,1.23,1,,
88262,24,23,,2,1.17,2,1,
605225,2,,,,,,,
533007,1,,,,,,,
117482,4,1,,,,,,
282660,31,24,,5,1.08,8,3,
364938,10,9,,,0.56,1,1,
89592,25,21,,3,1.33,3,3,
338032,13,11,,,1.18,3,1,
282577,10,5,,,0.8,1,1,
51100,31,27,,,0.85,6,1,
706617,2,1,,,,1,,
353948,31,30,2,,0.9,4,3,
423436,34,28,,1,0.96,7,5,
605222,1,,,,,,,
261905,30,30,3,,0.93,14,6,
361068,29,21,3,,1.1,6,1,
179643,31,25,2,5,0.88,14,6,
392149,1,,,,,,,
16922,25,18,,,1.17,8,8,
371142,25,15,1,1,1.2,9,,
358870,28,23,1,2,0.96,7,4,
654234,9,4,,,1.5,,,
303259,32,22,2,3,0.82,4,2,
315125,37,34,2,6,0.79,18,3,
279009,32,30,5,2,1,17,6,
269601,7,4,,,0.25,1,,
574569,2,1,,,,,,
517894,31,30,6,7,1.57,9,3,
327757,30,23,4,1,1.35,12,,
46104,21,18,6,1,0.39,8,4,
111039,30,26,5,3,0.96,14,1,
178459,29,25,4,,1,8,1,
678088,3,2,,,0.5,,,
291200,30,30,4,,1.4,1,1,
384553,34,31,1,,1.55,4,3,
196231,24,21,,,1.62,2,3,1
284248,32,24,,,1.88,,5,
187491,29,25,1,2,1.44,3,5,
94201,33,33,,,1.73,,6,
110036,23,8,,,1.38,7,,
354340,13,8,,,2,1,2,
153555,32,30,1,,0.63,3,7,
421726,13,4,,,,,,
188888,31,28,4,6,1.71,18,4,
36182,32,30,12,6,1.73,22,1,
295313,31,31,15,2,1.61,28,1,
269878,29,28,6,,1.25,8,2,
94771,33,32,2,1,1.69,5,1,
186988,14,13,3,2,1.54,3,2,
207597,8,6,,,0.83,,,
117432,29,24,2,3,1.75,2,1,
142281,13,3,,,,,,
356118,11,5,,,0.6,,,
236981,28,20,1,,1.7,3,7,
384553,34,31,1,,1.55,4,3,
286779,32,17,,,1.59,2,4,
303219,35,15,,,1.2,1,6,
580193,5,,,,,,,
84150,43,43,3,1,1.33,3,10,1
108537,30,30,,6,1.67,3,3,
231586,20,11,,,1.82,2,2,
469949,19,16,1,2,1.38,3,2,
160968,32,31,,5,1.58,13,5,
272812,33,16,,1,1.25,4,2,
244940,33,31,2,1,1.55,3,5,
290587,22,22,4,1,1.64,3,3,
287188,30,30,3,1,1.5,14,4,
205544,1,,,,,,,
490581,9,3,,,2.33,,,
153678,27,18,1,3,1.61,1,1,
232418,32,31,2,,1.48,16,5,
147485,34,28,1,2,1.68,6,,
428189,19,5,,1,1.6,,,
106270,32,32,4,7,1.56,28,2,1
522084,4,,,,,,,
472249,29,29,3,3,1.45,8,6,
112935,30,30,5,8,1.5,22,3,
50512,32,32,20,4,1.63,13,4,
147573,27,26,3,1,1.38,10,3,
553285,23,13,2,,1.23,,,
314295,30,30,2,1,1.23,1,9,
278343,16,13,,,0.92,1,1,
106405,29,29,2,,1.21,2,9,
569349,26,4,,,1,,1,
520468,28,28,2,5,1.25,7,3,
288429,31,29,2,1,1.31,13,5,
522245,17,5,,,0.2,,1,
353826,30,28,,,1.11,7,3,
146163,33,23,,,1.35,4,3,
251302,30,30,1,,1.13,7,8,
189475,23,17,,,1.35,7,7,
57845,7,5,,,0.8,2,1,
664973,4,,,,,,,
296397,29,29,1,7,1.17,13,,
63022,21,17,,,1.41,5,1,
588747,1,,,,,,,
476498,2,,,,,,,
249157,14,12,,1,1.08,2,,
345886,29,29,1,3,1,23,4,
42783,32,32,5,3,1.16,19,5,
283001,17,14,1,,0.93,1,1,
38410,32,28,4,3,1.21,16,4,
627207,16,11,,,0.73,4,,
120205,31,25,9,,0.84,9,3,
345468,27,22,2,2,0.91,9,2,
152963,27,26,5,5,1,13,1,
377387,47,46,9,1,1.33,21,4,
90024,18,10,2,1,1.1,2,,
334221,32,27,,,0.85,3,2,
216804,33,31,2,,0.9,4,5,
340521,32,13,,,0.62,,1,
403808,28,19,,,0.95,4,4,
187105,32,32,2,2,1.41,5,2,
285951,29,19,,,0.79,2,2,
596481,1,,,,,,,
504147,13,10,,,0.2,,,
309393,11,4,,,0.5,2,1,
185164,28,24,2,,0.83,12,1,
147038,27,27,,1,1,7,6,
152317,28,26,,1,0.69,1,3,
334186,28,22,,,1.09,5,9,
606308,1,,,,,,,
247555,29,21,2,3,1.24,13,3,
333516,21,19,,,0.89,12,3,
697144,8,5,,,0.4,1,,
289182,29,25,1,2,1.04,9,2,
41541,16,13,2,,1.31,2,,
245744,28,27,3,4,1.52,17,1,
283140,7,3,,,1.33,,,
60957,33,33,10,2,1.27,14,2,
166240,21,12,2,1,1.08,4,,
79967,10,10,3,2,1,2,3,
312819,20,14,,,0.86,,,
148824,19,13,2,1,1.46,4,2,
571140,3,1,,,,,,
388363,30,26,,,0.65,2,5,
411287,17,15,,,0.93,1,1,
93081,27,25,,,0.64,1,2,
153555,32,30,1,,0.63,3,7,
247661,9,5,,,0.4,,,
536472,18,8,,,,1,2,
690218,7,,,,,,,
296378,26,24,,1,0.54,5,3,
146258,31,24,1,,0.5,17,5,
196084,26,26,1,1,0.62,,,
392131,26,13,,,0.31,3,1,
192300,30,27,,,0.59,5,5,
379979,8,3,,,,,,
451340,17,8,,,0.13,1,2,
183780,27,27,,3,0.56,5,9,
310662,34,29,1,3,0.59,19,3,
384745,15,10,,1,0.4,4,,
161204,33,24,,,0.38,10,2,
279064,13,4,,,0.75,1,,
147359,25,22,2,3,0.64,12,1,
518505,33,33,5,2,0.55,11,3,
171209,34,34,9,6,0.53,15,4,
448177,7,6,2,1,0.33,4,,
243856,23,16,2,,0.5,6,1,
410649,13,9,,,0.78,,,
136181,26,26,2,,0.65,12,2,
596813,32,24,,1,0.46,4,3,
326031,37,31,3,1,,1,2,1
39983,30,24,5,,,1,1,
162959,35,12,,,,1,2,
490384,8,,,,,,,
29260,40,32,,1,,10,3,
536341,2,,,,,,,
346567,35,18,,1,,11,6,
79960,32,28,,2,,4,3,
145707,24,22,1,2,,2,6,
88682,27,20,1,2,,4,2,
265088,31,31,3,4,,8,6,
334526,26,25,3,2,,2,5,
354362,39,36,,6,,14,6,
332697,23,21,3,,,6,1,
362842,27,20,,,,6,3,
182913,34,32,,2,,11,5,
432090,1,,,,,,,
571607,13,6,,,,3,,
50057,15,8,2,,,4,,
489611,2,,,,,,,
477556,1,,,,,,,
617170,2,1,,,,,,
91970,35,33,4,5,,10,9,
341092,14,14,2,3,,8,,
682032,12,4,,,,,1,
581672,1,,,,,,,
431755,40,38,6,11,,13,4,
197300,44,41,9,5,,17,10,
668951,9,2,,,,,,
206050,29,29,10,5,,15,3,
357498,36,36,24,5,,10,4,
8198,31,31,18,3,,6,9,
128223,36,35,9,7,,19,5,
364135,33,33,5,3,,11,5,
620477,20,9,,,,1,,
204069,38,35,3,,,,3,
315853,32,31,1,3,,16,4,
111196,32,30,,,,5,3,
44327,36,6,,,,,1,
614498,2,,,,,,,
198116,38,32,2,4,,7,1,
731491,5,,,,,,,
46156,23,3,,,,,,
54906,34,25,2,1,,9,4,
582353,4,1,,,,,,
156617,35,35,2,1,,12,7,
569384,32,27,,,,8,6,
614500,5,,,,,,,
255942,37,36,3,13,,19,9,
126414,36,34,7,13,,26,11,
197471,35,18,2,2,,5,2,
216179,29,20,1,,,7,1,
143812,35,17,1,,,1,2,
37666,45,43,3,2,,9,5,
622380,1,,,,,,,
321528,38,33,5,5,,8,3,
273132,17,13,1,2,,3,3,
42460,37,35,8,7,,19,4,
227081,26,26,6,1,,12,2,
406625,36,35,21,3,,24,6,
315865,37,36,13,2,,7,4,
640109,28,19,4,,,10,5,
28396,38,36,13,7,,14,2,
40433,33,27,5,3,,5,,
37834,23,12,1,3,,,1,
819036,2,,,,,,,
303254,32,31,,,,2,4,
585949,38,28,1,2,,3,4,
197747,29,19,1,,,1,4,
48859,13,11,,,,2,2,
323167,36,8,,,,3,3,
621123,4,1,,,,,,
339808,32,32,5,6,,2,5,1
296422,32,10,,,,3,2,
262523,27,26,2,3,,7,2,
130365,28,24,2,,,9,2,
111227,25,8,1,,,1,1,
397033,37,36,5,3,,13,9,
351816,31,31,2,1,,11,7,
182618,29,14,,,,4,3,
294808,31,31,6,,,7,2,
392538,35,33,4,3,,7,11,
259953,33,28,,1,,10,2,
582302,1,,,,,,,
314678,35,31,3,3,,23,4,
539134,30,8,1,,,2,1,
357164,35,34,11,10,,18,4,
187587,26,24,2,2,,3,2,
381950,38,36,1,3,,16,2,
449151,27,26,5,2,,12,2,
195171,22,5,,2,,1,1,
364133,24,15,1,,,2,1,
82442,30,29,11,4,,16,4,
3455,25,23,8,3,,4,2,
698548,20,14,1,,,2,3,
93128,27,27,3,3,,1,5,
257732,37,33,4,,,1,5,
342046,27,10,,,,1,1,
104752,19,12,,,,3,2,
121985,38,21,1,,,1,1,
618505,2,,,,,,,
582354,1,,,,,,,
616142,1,,,,,,,
87884,35,34,,6,,10,7,
126656,29,14,,,,1,1,
169880,34,33,1,5,,4,3,
397225,33,12,,,,1,2,
126711,26,8,,1,,2,3,
877620,1,,,,,,,
192735,29,23,1,,,6,2,
82070,32,19,1,,,6,4,
240357,2,,,,,,,
350219,33,32,7,4,,17,2,
181136,36,35,6,5,,19,1,
354361,25,25,,2,,3,5,
400489,37,37,3,5,,6,3,
358008,2,2,,,,,,
703245,3,,,,,,,
133964,44,43,17,11,,27,3,
566936,1,,,,,,,
316889,31,30,5,6,,19,3,
165895,35,33,3,4,,20,3,
400485,21,15,,,,,1,
56416,33,30,11,2,,13,2,
401923,27,27,14,5,,13,5,
199258,35,24,3,1,,4,1,
707295,1,,,,,,,
340879,34,28,1,2,,6,8,
165513,32,31,1,1,,6,6,
571604,32,18,1,,,7,1,
72441,21,20,1,1,,4,6,
125020,35,34,1,,,5,9,
459655,32,22,,1,,5,5,
431698,34,24,,,,3,,
616628,11,2,,,,,,
369674,32,26,1,1,,6,2,
336960,32,21,,3,,5,3,
275303,23,21,,,,8,2,
173859,35,34,1,6,,15,6,
392956,1,,,,,,,
360518,36,32,4,1,,6,4,
133179,31,30,3,,,1,5,1
487836,2,,,,,,,
148252,34,29,1,3,,10,10,
332179,34,27,1,1,,15,,
430503,1,,,,,,,
616638,1,1,,,,,,
567470,1,,,,,,,
567472,2,,,,,,,
663939,4,,,,,,,
487846,1,,,,,,,
273132,17,13,1,2,,3,3,
207877,31,30,6,5,,16,10,
205938,37,37,13,7,,19,3,
255450,33,19,2,4,,6,,
80351,21,20,3,4,,8,1,
216569,27,27,,3,,11,,
535469,16,5,,,,,,
622031,3,1,,,,,,
73794,26,24,10,5,,12,4,
119228,31,27,9,9,,15,1,
432092,27,17,1,,,2,,
386914,26,17,1,,,5,1,
988862,7,3,1,,,,,
524481,35,34,3,,,,9,
256448,34,33,,,,5,14,1
371371,35,17,,,,5,6,
103427,30,27,3,,,2,,
716411,2,,,,,,,
861192,7,1,,,,,,
118689,7,3,,,,2,1,
439072,34,26,,1,,9,2,
502821,29,9,,1,,3,3,
709970,1,,,,,,,
205006,36,36,,2,,10,7,1
475208,20,10,1,,,2,,
650993,2,,,,,,,
199248,34,34,2,,,2,9,
164771,36,36,4,8,,17,6,
355501,29,4,,,,1,,
647484,22,1,,,,1,,
628645,7,,,,,,,
112465,32,27,4,1,,14,7,
398163,30,10,,1,,1,,
562049,32,11,1,,,,,
285845,35,16,,,,7,,
550108,34,16,,,,9,1,
286297,28,28,9,5,,11,6,1
392085,30,28,2,5,,13,10,1
55735,32,31,5,6,,10,2,1
746891,8,3,1,,,,,
94529,31,27,3,,,7,1,
282810,35,19,1,1,,4,2,
331726,38,37,17,4,,13,9,
298976,34,23,6,1,,10,3,
358166,37,28,3,4,,4,2,
872380,25,17,2,,,6,3,1
413507,36,34,1,,,4,8,1
380350,38,30,,,,1,3,
373373,35,20,1,,,3,8,
113133,30,23,1,,,3,5,
346561,30,27,1,,,15,9,
143559,29,5,,,,,1,
610383,4,,,,,,,
124555,37,37,4,1,,11,3,1
404260,38,14,,1,,,1,
280730,32,25,1,1,,5,4,
240219,35,23,,,,9,4,
318077,34,31,5,2,,13,8,1
287579,31,23,1,,,2,6,
215616,37,23,,1,,8,5,
303116,25,23,1,2,,11,4,
184894,38,33,2,2,,16,3,
324377,37,28,2,3,,10,5,
57280,32,31,4,8,,18,7,
201040,33,18,,,,4,2,
602124,5,,,,,,,
88909,36,29,3,3,,12,1,
561150,1,,,,,,,
486031,34,33,7,7,,11,2,1
386455,33,24,3,2,,12,2,1
324690,37,35,2,1,,19,2,
61253,38,30,1,2,,13,,
704176,3,,,,,,,
669915,2,1,,,,,,
357498,36,36,24,5,,10,4,
390638,34,32,16,6,,9,4,
327757,30,23,4,1,,12,,
89086,27,6,,,,,1,
547786,11,,,,,,,
724418,1,,,,,,,
457931,34,31,,1,,5,10,
126729,36,24,1,2,,7,5,1
131075,30,30,4,1,,1,2,
239962,18,6,1,1,,,1,
465565,14,1,,,,,,
44420,33,10,,,,3,2,
331401,34,31,3,3,,7,3,
239802,35,33,1,,,3,4,1
200056,36,29,1,,,9,3,
708086,5,,,,,,,
199733,33,32,1,2,,18,7,
41414,37,35,,1,,14,9,
613539,3,,,,,,,
266302,37,37,11,11,,9,4,1
128220,35,34,5,11,,16,5,
334835,39,32,,3,,10,3,
266795,33,18,5,1,,8,6,1
170481,31,10,,,,4,1,
601577,39,14,,,,2,4,
283735,31,31,6,6,,10,6,
448466,27,13,2,1,,6,1,
624942,35,11,,1,,1,,
228761,1,,,,,,,
159372,38,38,6,8,,17,2,
65278,32,32,9,4,,15,5,
769063,29,8,,,,,,
105521,31,31,27,3,,6,4,
256267,39,27,5,4,,2,7,
37834,23,12,1,3,,,1,
277167,37,36,1,1,,2,4,1
119031,34,23,1,,,1,2,
555015,19,10,,,,,1,
123261,37,29,,,,6,4,
256678,1,,,,,,,
242940,28,12,,,,3,3,
401527,34,23,,1,,6,5,
311178,34,29,,6,,4,6,
21763,35,2,,,,,,
691825,1,,,,,,,
353922,37,31,,1,,8,5,
129674,25,20,,,,3,2,
290862,35,35,2,2,,4,14,
7093,34,12,,,,2,1,
394300,36,36,4,4,,29,6,
552549,32,25,,1,,5,3,
416386,29,23,,,,2,3,
613129,3,,,,,,,
745436,3,,,,,,,
808559,1,,,,,,,
655525,3,,,,,,,
391065,32,31,7,4,,18,3,
94307,15,12,2,1,,8,1,
216569,27,27,,3,,11,,
508371,14,6,,,,,,
239941,25,24,3,7,,15,1,
628558,36,10,,1,,1,,
691828,3,,,,,,,
177843,33,33,15,17,,17,9,
546176,13,2,,,,,,
405885,36,36,10,6,,15,7,1
315867,36,36,16,,,16,7,
163222,38,38,2,2,,10,3,
84765,38,38,11,7,,14,1,
658244,5,2,,1,,,,
516716,34,33,3,1,,4,7,
544149,39,24,,,,2,4,
386446,36,23,,2,,7,5,
86784,35,34,,1,,6,3,
183031,29,25,,,,7,3,1
32113,32,11,,,,4,4,
704729,2,,,,,,,
55854,29,19,,3,,3,2,
705063,2,,,,,,,
648779,35,35,3,4,,16,5,
336125,36,29,,3,,7,3,
236490,33,21,,,,10,4,
467992,37,33,1,1,,10,2,
308279,25,21,,2,,5,5,1
75942,35,24,,,,9,5,
392538,35,33,4,3,,7,11,
245056,35,35,5,4,,5,10,
129588,26,23,2,2,,10,3,
225873,36,16,,2,,9,2,
373899,2,,,,,,,
134883,30,15,,1,,2,1,
522681,13,1,,,,1,,
617019,2,,,,,,,
287700,10,9,2,1,,2,2,
130360,25,18,6,,,11,3,
526098,2,,,,,,,
293169,36,33,7,3,,14,1,
205940,31,24,3,,,9,,
482107,27,4,,,,,,
551752,15,6,,,,1,,
340070,2,,,,,,,
167727,23,22,8,1,,12,1,
234523,32,29,6,5,,16,3,
364133,24,15,1,,,2,1,
96828,16,9,,,,,1,
417896,2,,,,,,,
706380,1,,,,,,,
368891,38,34,2,1,,6,6,1
126673,33,28,,,,1,6,
247377,30,22,,,,5,2,1
471004,37,15,,,,4,3,
423614,35,14,,,,2,3,
556173,1,,,,,,,
818882,5,1,,,,,,
818878,5,1,,,,1,,
591949,36,36,5,1,,17,7,
187245,30,16,,2,,3,2,
861221,3,1,,,,,,
331560,23,22,,1,,4,2,
577394,15,7,,,,2,,
33571,32,31,3,2,,9,7,
207715,30,6,,,,1,,
347900,18,17,1,1,,3,2,1
60889,34,33,,1,,7,8,1
699442,1,1,,,,,,
342405,37,36,3,3,,16,7,
497291,29,28,,3,,14,8,
237658,31,27,2,4,,10,5,
85393,24,6,,,,1,,
464446,7,3,,,,,1,
401920,3,2,,,,2,,
679754,5,1,,,,,,
63186,35,35,,4,,16,4,1
486624,35,34,6,7,,20,,
82048,35,27,2,5,,5,6,
496270,14,,,,,,,
432982,29,27,5,8,,7,,
368482,37,29,6,3,,15,2,
394346,35,24,,1,,3,2,
41384,34,33,14,1,,12,6,
439292,35,17,6,1,,9,1,
119115,12,6,,,,,,
99180,23,7,1,,,,1,
616667,1,,,,,,,
818888,4,1,,,,1,,
389837,36,36,,2,,12,10,
115763,32,30,,,,6,10,
248732,17,17,,,,1,3,
163639,36,34,1,,,17,10,1
310458,34,18,,,,4,3,
431698,34,24,,,,3,,
324351,30,9,,,,1,,
391498,28,12,1,,,2,2,
660860,14,4,,,,1,,
386755,12,2,,,,,,
73926,32,32,4,6,,8,6,1
324282,35,24,1,1,,6,4,
290032,34,16,,2,,8,3,
157507,38,38,4,2,,10,4,
398808,29,18,1,,,5,3,
43848,25,22,,3,,8,5,1
470794,32,32,1,4,,13,6,
140757,34,24,1,1,,5,3,1
554433,4,,,,,,,
554432,2,,,,,,,
631007,3,1,,,,,,
70411,35,34,1,7,,14,2,
272261,30,29,11,4,,7,4,
374418,27,17,4,3,,10,,
283735,31,31,6,6,,10,6,
102470,15,,,,,,,
550106,31,12,1,,,1,1,
146752,35,35,12,7,,18,4,
704423,1,,,,,,,
282388,37,36,17,6,,16,8,
131951,34,28,2,4,,7,1,
36371,29,25,8,4,,10,6,1
45389,1,1,,,,,1,
506941,8,5,,,,2,,
491693,33,20,,1,,4,6,
410158,35,35,2,1,,2,10,
255744,36,36,,,,8,9,
210178,23,17,2,,,,3,
104597,33,27,1,1,,6,2,
293168,17,2,,,,,,
56830,19,2,,,,,,
704692,2,,,,,,,
556385,36,35,5,3,,13,4,
92899,36,14,,,,1,3,
704711,1,,,,,,,
424042,35,35,7,5,,14,5,1
546880,36,28,,,,7,4,
69646,11,11,,1,,6,,
704693,1,,,,,,,
323954,36,36,1,,,5,6,
47513,37,22,,1,,4,2,
704708,2,,,,,,,
704709,2,,,,,,,
322305,35,33,1,3,,13,5,1
112302,25,24,3,5,,8,8,1
53536,36,30,1,2,,22,9,
617170,2,1,,,,,,
704712,4,1,,,,,,
465279,8,,,,,,,
704710,2,,,,,,,
528833,37,22,2,2,,,,
876400,2,1,,,,,,
574889,6,,,,,,,
283528,35,28,4,4,,10,4,
44948,34,22,15,8,,10,4,
129476,34,34,13,5,,17,9,
595809,31,31,13,,,9,3,
295331,24,22,2,7,,10,1,
35249,34,33,12,4,,8,8,
339707,1,,,,,,,
54581,28,7,1,1,,1,1,
459655,32,22,,1,,5,5,
345458,14,7,,,,4,1,
481834,37,30,,,,7,6,
354909,37,19,1,,,5,5,
54928,22,18,1,1,,5,3,
242940,28,12,,,,3,3,
54935,33,30,1,2,,11,6,
568333,23,6,,,,2,,
102745,31,24,1,,,7,3,
621153,1,,,,,,,
619353,3,,,,,,,
312862,30,28,,2,,16,9,
136514,37,28,1,,,9,2,
357992,36,31,1,2,,8,3,
392569,36,25,,,,6,2,1
563812,50,29,,1,,12,1,
459452,4,,,,,,,
315063,21,21,,2,,2,4,
295183,36,36,,6,,4,4,1
317482,8,8,,1,,2,,
197473,36,30,,2,,13,4,1
235931,36,33,4,1,,22,5,
68864,16,10,,,,5,4,
134883,30,15,,1,,2,1,
167796,3,1,,,,,,
650224,6,2,,,,,,
264116,38,29,4,2,,6,1,
701842,4,,,,,,,
736034,1,,,,,,,
83877,9,4,,,,,,
610878,2,,,,,,,
666547,3,,,,,,,
607227,1,,,,,,,
282388,37,36,17,6,,16,8,
129129,37,37,13,4,,2,9,
238752,29,26,3,2,,13,2,
64793,35,33,5,2,,9,9,
460898,11,1,,,,,,
396682,8,1,,,,,,
174733,32,32,,,,4,6,
310458,34,18,,,,4,3,
131102,32,19,,,,4,5,
568559,38,20,,,,1,2,
303219,35,15,,,,1,6,
197491,38,23,1,,,12,4,
81789,31,26,2,3,,3,2,
111347,26,14,,,,1,4,
663900,1,,,,,,,
284595,36,36,1,1,,10,,
171399,37,22,1,,,12,5,
622800,1,,,,,,,
144143,35,35,,3,,10,12,
324282,35,24,1,1,,6,4,
111227,25,8,1,,,1,1,
49275,31,26,1,,,11,9,1
75942,35,24,,,,9,5,
624436,18,4,,,,,,
226524,35,35,3,1,,10,10,
216179,29,20,1,,,7,1,
434676,18,14,,,,4,3,
56810,30,30,3,3,,8,7,
574495,32,19,,,,6,5,
487839,35,5,,,,,1,
25488,36,36,7,12,,11,6,
567445,3,,,,,,,
319160,25,14,,2,,3,1,
503638,6,,,,,,,
340394,15,14,3,2,,3,3,
162961,23,19,,1,,9,2,
540941,13,11,,,,4,1,
628558,36,10,,1,,1,,
146752,35,35,12,7,,18,4,
52312,5,2,,,,,,
112343,18,18,6,3,,10,3,
159883,14,10,,,,,1,
419061,15,4,,,,3,1,
84765,38,38,11,7,,14,1,
22328,36,33,4,3,,12,2,
650255,2,,,,,,,
678441,2,,,,,,,
493702,34,20,,,,1,1,1
278531,32,24,,2,,1,6,1
435228,33,20,,,,1,7,
358003,1,,,,,,,
88706,33,19,2,,,2,3,
111347,26,14,,,,1,4,
603676,5,,,,,,,
547985,32,25,,1,,7,5,
469211,38,33,,,,9,3,
297645,22,19,,1,,8,4,
641553,3,,,,,,,
183841,34,33,1,1,,8,9,1
197745,32,10,,1,,3,1,
467992,37,33,1,1,,10,2,
543771,33,23,1,1,,2,2,
171159,37,23,2,2,,7,1,
616169,1,,,,,,,
390117,2,,,,,,,
387234,37,35,6,3,,18,5,
240934,35,35,2,3,,22,10,
192638,17,16,,2,,8,3,
193867,38,38,2,4,,14,4,
201040,33,18,,,,4,2,
291400,1,1,,,,,,
691482,8,,,,,,,
390177,38,35,6,7,,18,3,
162961,23,19,,1,,9,2,
641537,6,1,,,,,,
38607,30,26,5,2,,16,2,
315865,37,36,13,2,,7,4,
265078,37,28,3,1,,12,1,
160344,22,8,1,,,5,,
134983,38,18,2,1,,3,,
603891,2,,,,,,,
338672,18,14,,,,3,3,
367284,16,14,,,,,2,1
532937,35,28,1,,,4,7,
124715,16,14,,,,2,2,
199927,33,28,,1,,6,5,
176139,24,17,,,,5,1,
34198,32,7,,,,2,3,
500164,6,1,,,,,,
459658,29,26,1,4,,9,3,1
502821,29,9,,1,,3,3,
309393,11,4,,,,2,1,
44136,38,35,7,1,,8,8,
237666,36,33,1,2,,6,1,
313477,31,13,,1,,3,3,
167491,17,7,,,,5,3,
525704,25,21,,3,,4,5,
313830,29,19,,,,7,2,
181382,33,18,,1,,10,1,
40633,35,34,1,1,,10,4,
21905,15,10,,,,2,3,
232454,31,26,1,2,,9,,
503871,31,25,2,,,4,2,
167859,26,25,,,,16,12,
181768,28,18,,,,6,,
394304,34,24,1,,,15,4,
315862,34,25,1,,,9,2,
301236,2,1,,,,,,
702372,1,,,,,,,
287700,10,9,2,1,,2,2,
587458,25,23,3,1,,8,2,
305947,34,31,5,1,,12,6,
623040,21,15,,2,,3,3,
12563,23,20,,1,,5,1,
589737,35,35,11,7,,13,6,
432092,27,17,1,,,2,,
459661,19,12,,,,5,1,
88683,30,27,9,1,,14,4,
199953,32,30,1,2,,12,2,
37834,23,12,1,3,,,1,
340151,2,1,,,,,,
553757,10,4,,,,,,
364132,12,7,1,,,4,,
392771,29,29,,3,,7,11,1
197470,36,31,1,1,,,9,
239099,36,35,2,2,,,7,
438961,35,18,,,,2,2,
198873,26,6,,,,,2,
907619,1,,,,,,,
894579,4,,,,,,,
239934,33,19,,1,,5,1,
228444,31,26,1,2,,6,6,
378260,14,4,,,,2,1,
21972,24,8,,1,,2,,
250153,34,33,,2,,11,5,
309944,23,19,,,,7,1,
242078,13,9,,1,,4,3,
654543,2,,,,,,,
204987,34,18,,1,,4,2,
287875,24,15,,,,4,2,
102984,23,21,,1,,15,5,
718088,2,,,,,,,
817275,1,,,,,,,
504209,34,29,1,2,,13,8,
344600,21,14,,,,11,2,
670096,37,20,,,,4,1,
216599,35,34,3,1,,18,3,
165531,1,1,,,,,,
393804,30,26,1,,,9,8,
200188,32,32,7,5,,18,6,
377665,33,20,6,4,,1,3,
446491,29,17,2,2,,8,4,
623872,1,1,,,,,,
238950,1,1,,,,1,,
406042,29,26,1,2,,14,2,
33706,17,10,,1,,3,1,
566613,14,1,,,,,,
566861,5,4,,,,1,1,1
524428,1,1,,,,,,
412513,37,37,12,3,,13,5,1
413605,34,33,7,1,,16,5,
225055,15,11,,1,,1,,
164534,20,12,1,,,2,3,
271622,1,,,,,,,
806524,1,1,,,,,,
357003,30,30,2,1,,3,5,
292772,37,36,,,,,7,
425918,35,25,1,,,,7,
372809,34,17,1,1,,1,3,
632831,30,2,,,,,,
268178,26,25,,2,,9,3,
344072,33,32,1,1,,3,7,1
287367,2,2,,,,1,,
624548,38,27,,3,,3,3,
131731,19,8,1,,,1,1,
344595,20,3,,,,,1,
353796,35,35,2,3,,16,9,
257751,32,31,3,4,,8,5,
579294,17,1,,,,,,
96806,26,18,1,,,13,3,
587458,25,23,3,1,,8,2,
203842,32,26,1,4,,10,4,
241076,36,36,6,,,10,10,
540827,18,5,,1,,1,,
256361,35,33,8,6,,14,2,
567217,17,11,,1,,2,1,
883048,2,,,,,,,
538974,35,18,1,,,7,,
459661,19,12,,,,5,1,
308278,36,30,5,,,12,9,
482836,29,14,1,,,9,,
243225,24,21,7,1,,9,,
568559,38,20,,,,1,2,
346561,30,27,1,,,15,9,
205054,34,31,,,,6,9,
226058,14,6,,,,,,
240786,32,17,,1,,1,2,
45314,16,16,1,,,,1,1
50617,17,17,1,1,,1,,1
111433,19,9,,,,3,1,1
393904,19,5,,,,,1,
57633,6,2,,,,1,1,
816930,3,1,,,,,,
709579,3,1,,,,,,
616631,14,14,,,,6,1,
815941,1,,,,,,,
250153,34,33,,2,,11,5,
392966,35,29,1,2,,7,3,
407885,24,17,,1,,4,,
46105,14,14,1,1,,2,4,
136133,21,14,1,,,3,1,
84766,32,18,,,,4,3,
607854,16,15,2,1,,6,5,
406806,34,19,1,1,,5,7,
386552,31,31,,,,11,3,
472161,13,11,2,,,4,1,
298635,33,27,1,2,,11,4,
84442,13,5,,,,2,,
45581,32,21,,1,,9,4,
708084,3,1,,,,,,
704347,1,,,,,,,
260777,7,7,1,1,,1,2,
287600,25,13,,,,2,2,
130360,25,18,6,,,11,3,
22068,24,23,,3,,11,3,
54984,15,11,,,,1,1,
291422,7,6,,1,,2,2,
241527,33,32,10,,,12,6,
642689,19,7,,,,,,
194549,19,19,1,2,,8,,
67556,33,33,5,5,,14,6,
213854,14,14,1,1,,10,1,
421780,19,6,,,,1,,
267614,2,1,,,,,,
651206,1,,,,,,,
542394,2,,,,,,,
622029,3,,,,,,,
181767,33,32,5,,,1,5,
282041,33,30,1,,,4,6,
228948,35,27,2,,,5,,
229005,22,12,,1,,2,1,
25557,14,12,2,,,,1,1
787912,11,1,,,,,,
616341,35,29,,1,,7,4,
126719,22,15,,,,9,2,
126710,2,,,,,,,
618405,12,12,,,,7,1,
398073,32,32,4,6,,8,3,
460629,20,3,,,,2,1,
166237,18,15,1,2,,7,3,
141050,36,27,5,,,3,3,
102558,24,24,2,2,,11,12,
49499,34,31,1,3,,12,2,
126665,29,26,3,1,,9,4,
99343,25,19,3,2,,7,2,
659521,15,5,,1,,,,
536482,30,10,,,,4,2,
129473,31,22,1,,,15,3,
566931,18,6,,,,1,1,
810096,6,1,,,,,,
618415,5,1,,,,,,
68290,22,22,13,6,,10,10,
85148,21,18,2,1,,5,,
795657,2,1,,,,,,
28003,26,26,6,15,,2,,
74230,31,31,16,8,,19,8,
45320,29,26,5,8,,15,3,
342229,35,35,28,19,,10,10,
68863,29,24,4,,,4,1,
585959,36,34,12,,,22,1,
853344,2,1,,,,,,
618472,31,24,2,,,2,1,
277114,17,15,3,1,,2,2,
702441,17,11,,,,1,2,
26485,28,24,,1,,10,6,
52920,14,13,,,,4,5,
57370,32,17,,,,4,3,1
181778,34,30,1,2,,6,3,
204072,35,18,,1,,3,3,
620322,37,30,,4,,6,3,
236400,29,23,,2,,6,5,
802987,6,,,,,,,
520624,37,37,5,5,,12,6,
135617,33,29,1,1,,6,3,
450936,27,20,1,3,,10,4,
395693,36,36,6,4,,12,1,
395237,31,31,,,,4,5,
669000,25,3,,,,,,
607225,1,,,,,,,
729677,1,,,,,,,
555076,35,35,10,5,,9,1,
444523,36,35,9,6,,14,3,
607223,23,16,,1,,3,1,
326300,12,10,,1,,1,,
86792,47,40,9,9,,17,4,
234781,29,27,9,1,,13,2,1
315110,30,30,12,5,,11,3,
729680,1,,,,,,,
371256,27,26,11,6,,10,4,
229004,30,30,21,4,,9,6,
384060,26,15,1,,,2,,
174915,23,21,5,2,,7,4,
708265,19,11,,1,,2,,
744942,2,,,,,,,
463603,26,24,1,,,3,4,
386047,36,32,1,,,4,5,
249730,30,26,,,,3,5,
574671,31,17,,,,2,5,1
569383,22,7,,,,1,,
745202,2,,,,,,,
420064,37,34,2,9,,11,5,
375137,36,28,,1,,4,1,
789082,17,17,2,1,,6,3,
203746,36,28,,2,,3,4,
161869,32,17,,,,6,6,
413112,35,35,3,2,,3,9,1
569598,35,33,,4,,4,4,
578872,38,28,1,1,,13,1,1
535834,34,18,,,,5,1,
8806,5,2,,,,,,
659518,9,1,,,,,,
504084,1,1,,,,,,
263918,28,27,3,4,,14,4,
745200,11,7,,,,,1,
569389,37,30,6,5,,14,6,
257448,34,32,4,3,,23,4,
490426,8,8,1,,,3,,
511401,30,29,1,1,,12,3,1
146854,37,37,25,5,,22,3,
82009,34,34,9,11,,19,10,
412932,32,31,4,1,,7,,
494237,22,15,7,1,,3,3,
364133,24,15,1,,,2,1,
543503,1,,,,,,,
361093,26,25,3,1,,,4,
420465,34,28,1,1,,2,4,
503740,15,12,,,,,,
33829,38,38,,2,,,4,
798894,1,,,,,,,
923831,5,1,,,,,,
240692,35,35,1,,,9,12,
362108,35,33,1,,,13,3,
357796,31,15,,,,,2,
251075,35,32,2,3,,3,10,
60583,29,2,,,,,,
707231,1,,,,,,,
84301,33,33,2,1,,11,10,1
485706,36,32,1,,,5,2,
656441,25,23,3,2,,13,3,
644032,30,14,1,,,2,5,
258027,25,25,2,5,,8,6,1
290256,27,23,3,1,,6,9,
707230,3,,,,,,,
620318,8,1,,,,,,
973085,3,,,,,,,
386726,28,25,9,1,,10,5,
392770,37,24,1,1,,12,3,
18900,9,7,,1,,4,1,
538972,1,,,,,,,
292818,31,31,1,2,,18,3,
666545,1,,,,,,,
854488,1,,,,,,,
324690,37,35,2,1,,19,2,
370846,30,29,3,5,,7,2,
435485,28,28,4,5,,13,7,
496857,26,21,4,7,,9,,1
557610,33,13,1,4,,2,1,
533738,38,38,15,,,18,3,
34987,32,31,4,3,,12,9,
743987,1,,,,,,,
730581,26,14,,1,,1,1,1
361914,31,31,2,3,,2,3,
711996,37,34,,,,3,6,
919515,11,1,,,,,,
654539,36,30,3,3,,9,4,
282250,34,31,,4,,7,3,
357072,10,7,,,,4,,
297070,35,33,3,10,,8,4,
711969,36,20,,2,,,,
285323,36,35,2,1,,5,7,
711999,31,18,1,,,3,2,
127142,31,29,1,1,,12,8,
640428,38,30,2,1,,8,9,
202278,29,28,5,4,,10,3,
711976,21,5,,,,,,
266359,38,38,11,13,,23,2,
353399,27,22,,7,,12,1,
387106,34,34,9,9,,18,1,
914562,1,,,,,,,
442891,37,37,21,4,,30,1,
746695,21,20,4,2,,10,3,
486049,16,14,1,2,,4,2,
607226,28,10,,,,,,
585958,12,4,1,,,,1,
181378,38,38,15,8,,18,2,
270541,37,37,9,,,7,1,
659543,16,7,,,,1,,
801734,20,7,,,,,,
495666,37,36,,,,,5,
238266,35,26,2,1,,7,6,
575998,25,17,,,,2,4,
347913,36,34,,2,,3,6,
183647,22,6,,,,,1,
241229,29,10,,,,5,1,
94005,21,16,,1,,6,1,
298975,35,34,1,2,,11,1,
743494,1,,,,,,,
394327,36,34,1,1,,5,5,
485963,33,28,,1,,8,7,
805476,2,,,,,,,
465830,38,38,4,8,,5,6,
341705,36,35,9,7,,13,3,
332889,35,32,,1,,10,3,
569367,1,,,,,,,
667965,21,2,,,,,1,
659520,2,,,,,,,
372711,30,23,4,4,,11,1,
37647,31,31,12,10,,6,3,
708680,3,,,,,,,
691316,55,30,,1,,7,1,
466809,20,16,,2,,9,1,
245078,14,7,,,,1,2,
708681,16,1,,,,,,
341647,33,32,10,3,,14,,1
191891,26,23,7,2,,10,1,
822458,29,25,7,3,,11,,
127048,15,12,4,,,5,1,
92693,50,44,14,4,,26,6,
881250,4,,,,,,,
605184,37,36,1,,,2,6,
322655,37,24,,,,5,4,
458715,25,7,,,,1,,
16136,34,34,,1,,1,5,1
904707,2,,,,,,,
532775,35,33,2,2,,7,3,
241229,29,10,,,,5,1,
290017,35,30,1,,,7,5,1
416108,21,17,2,2,,7,4,
313094,37,30,,,,9,4,
891998,5,,,,,,,
463618,37,36,4,3,,11,4,
370791,36,36,,2,,12,7,
170934,33,32,2,,,15,4,1
56818,28,20,,1,,,1,
273438,16,7,,,,1,1,
904712,10,,,,,,,
560593,34,29,3,2,,18,6,
482769,1,,,,,,,
384593,18,10,,2,,,1,
330659,28,27,4,5,,19,6,
543051,26,20,,2,,4,1,
371142,25,15,1,1,,9,,
409344,32,24,1,1,,11,1,
365108,33,32,2,6,,18,5,
495667,35,25,2,1,,16,,
418659,38,38,10,9,,16,3,
283196,31,26,6,2,,15,,
122797,35,35,18,3,,6,3,
500689,30,20,1,3,,1,3,
474800,32,31,1,,,5,11,
263236,35,33,2,3,,2,7,1
126557,35,35,,,,6,7,
572326,37,14,,2,,3,2,
276895,18,18,,,,1,1,2
804817,4,,,,,,,
170929,26,20,1,2,,7,5,
332560,28,22,,1,,4,1,
770895,9,5,,,,,,
911512,1,,,,,,,
175639,37,37,5,11,,20,3,
620317,8,2,,,,,,
543387,34,34,1,4,,4,7,
308439,28,24,1,1,,1,,
44686,37,17,,,,4,1,
89461,2,,,,,,,
182893,38,38,8,1,,7,2,
812902,10,1,,,,,,
905408,2,,,,,,,
821136,1,,,,,,,
239743,37,37,6,5,,12,5,
695646,13,4,,,,,,
74297,30,29,3,2,,19,1,
719442,38,33,3,5,,15,2,
800246,1,,,,,,,
585959,36,34,12,,,22,1,
344869,33,33,15,4,,12,6,
531949,31,28,5,1,,12,2,
354726,36,35,6,3,,17,7,
182916,24,21,5,1,,7,2,
20463,30,20,1,1,,1,2,
804884,14,4,,,,,,
292808,37,37,4,,,,2,
395083,26,26,,,,5,5,2
199704,34,34,2,,,,5,
649026,9,1,,,,,,
502511,2,,,,,,,
422850,29,28,1,3,,4,1,
805908,36,24,1,1,,8,4,
215114,29,29,1,1,,10,5,
570817,19,18,1,,,3,3,
798925,9,3,,,,,,
919173,2,1,,,,,,
315145,32,32,1,1,,5,7,1
468066,14,13,2,,,5,,
414908,24,24,5,2,,3,7,
649033,33,26,,,,11,4,
522791,15,8,,,,,,
118278,37,37,5,2,,9,4,
290746,26,17,2,,,11,1,
145115,21,13,,1,,4,,1
814976,11,8,,,,1,1,
739769,38,31,1,4,,18,1,
671594,18,8,2,1,,1,1,
926235,2,1,,,,,,
557614,38,31,2,1,,16,1,
543051,26,20,,2,,4,1,
222876,10,9,2,3,,4,,
399383,19,16,2,2,,11,7,
393239,27,21,,,,12,1,
316137,7,4,,,,,,
395242,36,25,2,4,,12,2,
243606,19,13,,,,2,,
659517,1,,,,,,,
709726,24,24,10,4,,10,1,
649016,21,21,2,4,,13,2,
315283,20,20,4,3,,15,2,
388160,13,8,,,,4,1,
47713,29,29,,,,3,3,
842341,27,24,,,,3,2,
72857,3,1,,,,,,
549815,39,23,,,,7,2,1
842338,4,,,,,,,
913660,5,,,,,,,
485965,37,34,2,2,,9,2,
271455,31,29,1,3,,3,3,
184922,22,11,1,,,3,5,
335147,35,30,1,,,8,3,1
111058,37,34,1,3,,13,3,
627463,1,,,,,,,
294895,29,17,,2,,3,4,
624037,37,36,1,1,,11,5,
484743,24,14,,1,,,2,
118284,34,34,,2,,9,11,1
650350,37,24,,,,6,3,
842425,29,10,,1,,3,,
127156,29,29,8,7,,6,7,1
113707,21,21,4,6,,8,3,
222859,36,35,6,2,,20,6,
340328,31,30,8,3,,20,4,
624920,33,23,,,,,4,
181378,38,38,15,8,,18,2,
122797,35,35,18,3,,6,3,
659542,35,33,10,2,,16,2,
60540,34,34,4,3,,16,3,
704156,45,34,,3,,5,,
58295,14,10,1,,,5,,
876034,7,3,,,,,,
250844,32,31,1,,,2,8,1
378953,34,34,,2,,,4,
352392,35,31,1,1,,7,5,
786436,4,1,,,,,,
60558,16,12,1,1,,,4,
862628,11,,,,,,,
962560,1,,,,,,,
453016,37,37,1,3,,7,4,
354352,34,33,,4,,9,4,
385817,32,16,,,,7,3,
830890,4,,,,,,,
372712,35,35,2,6,,13,6,
178313,31,25,1,1,,11,2,
587646,11,4,,,,2,,
876631,24,4,,,,1,1,
450050,36,36,2,3,,11,5,
125783,36,32,1,,,17,4,
314940,34,33,2,4,,12,8,
628835,1,,,,,,,
215977,31,31,8,4,,9,2,
891379,23,5,,1,,,1,
918157,4,,,,,,,
991487,1,,,,,,,
358509,4,1,,,,,,
146805,29,15,2,,,1,1,
283994,36,36,12,8,,10,5,
344888,33,31,11,2,,10,2,
427161,16,14,2,,,6,1,
27389,35,35,11,4,,18,,
880330,23,8,,,,,,
377468,15,15,,1,,,6,
230140,25,24,1,1,,4,7,
127610,18,16,1,,,1,2,
52920,14,13,,,,4,5,
371150,26,17,2,,,4,2,
43256,9,2,,,,,,
596901,28,10,,,,2,,
1011200,2,1,,,,,,
76277,12,11,,1,,3,2,
397171,30,23,,2,,5,1,
314944,32,29,3,1,,7,2,
119085,18,14,,,,3,4,
970279,1,,,,,,,
357992,36,31,1,2,,8,3,
538998,28,26,1,1,,12,3,
288241,32,29,1,,,4,4,1
926766,2,1,,,,,,
312314,50,40,,,,12,5,
656441,25,23,3,2,,13,3,
93704,34,30,1,1,,5,8,
847759,23,13,,,,9,5,
334835,39,32,,3,,10,3,
111828,36,28,,2,,9,9,
99352,2,1,,,,,,
376082,27,25,3,3,,1,8,
740674,12,7,,,,3,1,1
395236,37,36,1,8,,15,5,
540664,9,5,,,,,,
281319,21,20,9,1,,10,2,
315125,37,34,2,6,,18,3,
399543,35,33,4,5,,18,5,
424051,25,15,1,1,,4,1,
460654,10,6,,,,,,
540665,2,1,,,,,,
260166,32,32,11,2,,20,3,
453824,3,2,,,,,,
557612,33,26,6,,,7,2,
18909,25,17,2,1,,1,1,
575610,10,5,,,,,,
270051,36,36,6,1,,4,8,
182875,28,28,1,,,2,8,
139279,31,30,1,,,3,6,1
807648,20,2,,,,1,1,
650582,1,,,,,,,
557613,33,28,2,3,,5,,
394906,23,16,,,,3,3,
111038,36,32,,,,3,4,
61891,28,27,,2,,15,8,
102744,30,28,,3,,7,,
242273,31,31,3,1,,10,6,
830265,8,2,,,,,,
182889,29,24,2,3,,11,3,
353403,34,30,,1,,6,5,
855158,5,1,,,,,,
288225,35,35,10,5,,17,10,
243737,27,17,,,,5,1,
773795,9,,,,,,,
274862,32,30,6,8,,22,3,
463620,28,22,2,1,,4,1,
140803,1,,,,,,,
548650,33,24,2,4,,10,1,
353365,33,24,1,1,,7,1,1
487969,37,36,12,5,,13,2,
184935,28,21,5,,,9,1,
264956,14,7,,,,,1,
168471,22,17,2,,,9,4,
272636,27,24,,,,2,3,
807128,22,13,2,1,,2,2,
494586,38,30,1,,,5,4,
84085,33,30,2,3,,4,4,
90681,14,14,1,,,4,9,
855615,5,4,,,,2,,
177690,25,20,1,2,,6,3,
114340,26,13,,,,4,,
857653,1,1,,,,,,
562463,1,,,,,,,
580747,25,22,,,,10,7,
364857,24,22,1,,,2,2,
594992,2,1,,,,1,1,
855607,8,2,,,,,,
620313,36,31,1,,,12,7,
469669,16,16,,,,8,2,1
287635,23,4,,,,,,
904662,3,,,,,,,
324795,35,35,3,2,,4,8,
471582,35,30,1,,,15,3,
484992,17,14,,,,4,1,
808477,1,,,,,,,
569385,37,35,,4,,11,2,
77826,31,30,3,4,,16,2,
236045,41,41,10,7,,19,4,
46791,14,7,,,,1,,
324811,36,36,4,5,,17,4,
290593,25,18,,1,,10,2,
735700,5,1,,,,,,
413033,1,1,,,,,,
947069,7,5,,,,,,
103565,30,30,10,,,16,6,
358515,21,16,1,1,,5,,
291110,17,16,,,,5,3,
402079,46,28,5,1,,3,1,
418658,1,1,,,,1,,
98349,22,22,2,1,,7,2,
654414,5,5,,,,,,
783799,4,3,,,,,1,
250779,32,32,3,,,1,6,
485960,37,31,1,,,,4,
170544,25,23,,,,7,6,
184575,19,2,,,,,,
796913,9,,,,,,,
344864,38,37,1,3,,2,1,
131827,32,15,,,,6,,
410185,32,30,,1,,9,6,
78917,34,16,,1,,1,1,
569384,32,27,,,,8,6,
93726,20,15,,1,,5,1,
138055,34,31,,,,7,2,
474662,38,28,,1,,8,4,
555076,35,35,10,5,,9,1,
353399,27,22,,7,,12,1,
255220,4,1,,,,,,
924800,2,,,,,,,
737781,33,32,5,3,,14,,
175014,21,20,5,2,,14,5,
780147,27,14,,,,,1,
229006,34,34,11,6,,13,3,
640109,28,19,4,,,10,5,
238639,35,35,9,2,,11,1,
342226,35,32,4,2,,13,2,
649035,27,18,,,,3,,
211637,30,30,1,,,,8,
450417,30,30,1,2,,,8,1
258254,36,27,,,,6,9,
402004,1,1,,,,,,
413118,26,12,,,,4,2,
520530,27,27,1,5,,9,7,
620315,10,3,,1,,1,,
806310,24,12,,,,1,4,
57404,11,10,,,,5,1,
855309,2,,,,,,,
344886,12,12,1,,,1,,
170961,30,29,1,2,,4,4,
384859,19,19,4,1,,1,3,
743500,15,9,,1,,6,,
434358,28,15,,2,,6,5,
293944,17,17,2,,,8,6,
205503,11,10,1,,,3,4,
649020,33,27,1,1,,2,7,1
126699,30,30,1,,,10,6,
568693,33,33,1,3,,7,7,
628834,6,,,,,,,
202318,28,24,4,2,,10,1,
506009,18,5,,,,2,,
442320,19,19,7,3,,9,5,
205587,31,26,2,2,,11,1,
568702,34,18,,1,,3,3,
568696,11,6,,,,2,,
568701,20,14,,4,,7,,
353211,8,6,,,,2,1,
591914,16,9,,,,1,,
490417,34,26,3,1,,13,2,
122116,27,27,5,2,,17,5,
729814,30,29,9,1,,7,3,
461790,17,15,2,,,5,,
815359,20,8,,,,1,1,
342877,31,27,,,,4,1,
57467,32,30,2,,,4,10,
83132,37,28,,,,,,1
57216,37,37,4,1,,1,1,
768439,3,,,,,,,
296356,33,27,,1,,11,10,
62351,23,10,,,,1,1,
807687,7,,,,,,,
395234,36,34,1,1,,11,5,
245537,18,18,1,,,8,4,
593482,33,32,2,2,,6,2,
344575,11,4,,,,,,
18934,37,33,7,2,,9,6,
807688,3,,,,,,,
829873,3,,,,,,,
206912,24,24,,6,,4,4,
424072,33,24,4,3,,9,,
214532,35,30,,2,,10,2,
250013,36,36,5,4,,22,6,
680447,28,7,,,,1,2,
232271,29,29,8,5,,15,6,
543051,26,20,,2,,4,1,
261963,32,29,10,5,,6,2,
425400,8,2,,,,,,
460660,3,1,,,,,1,
290593,25,18,,1,,10,2,
707225,11,3,,,,,,
670847,32,32,4,1,,19,2,2
170953,31,29,3,1,,12,,
392810,31,16,,,,3,2,
193130,9,6,1,1,,1,1,
807689,1,,,,,,,
855160,2,1,,,,,,
282199,26,21,,,,5,2,
340460,7,4,,,,2,,
351843,31,31,,1,,4,5,
213052,21,19,,,,1,3,1
275361,7,7,,,,1,2,
51118,19,17,3,,,6,1,
917120,8,4,,,,,1,
341394,6,,,,,,,
815346,1,,,,,,,
917101,2,,,,,,,
976271,1,,,,,,,
337798,33,33,,1,,13,4,
554251,16,12,,1,,2,1,
274484,26,21,,1,,6,2,
982864,1,,,,,,,
536507,33,33,1,2,,8,10,
649452,32,31,,2,,9,6,1
283127,32,19,1,1,,10,2,
972473,3,,,,,,,
972479,3,,,,,,,
277635,35,34,1,2,,8,5,
118278,37,37,5,2,,9,4,
212804,30,30,4,2,,,6,
859396,2,,,,,,,
126683,28,25,2,5,,10,3,
486814,25,10,1,2,,2,1,
917104,6,2,,,,,,
485962,1,,,,,,,
508941,38,19,,1,,7,,
429790,13,5,,,,1,,1
804708,18,11,1,,,1,,
282734,16,15,1,1,,4,6,
537182,10,5,,,,,,
234802,29,28,2,3,,15,2,
225452,6,1,,,,,,
721746,19,8,,,,1,1,
857154,3,,,,,,,
339943,33,32,8,,,15,1,
325223,30,30,3,3,,16,1,
427161,16,14,2,,,6,1,
129990,11,9,,,,,,
68718,29,28,4,,,15,,
730126,14,8,,,,3,,
857148,8,3,,,,,,
386057,33,33,2,,,2,7,
460245,27,19,1,,,2,3,1
412829,33,22,1,,,5,,
80036,18,2,,,,1,1,
799936,5,,,,,,,
23960,14,9,,,,,,
807165,5,,,,,,,
120651,34,34,1,1,,,1,
648886,18,3,,,,1,,
442552,37,36,,2,,3,3,1
391720,38,28,,,,4,3,
314912,35,8,,,,3,,1
562175,1,,,,,,,
238626,34,34,,2,,8,9,
333383,15,12,,,,5,4,
127182,35,34,3,2,,14,5,
56794,21,21,,1,,10,5,
804548,10,3,,,,1,,
804547,13,4,,,,,,
633992,36,36,2,3,,15,2,
412671,34,25,1,1,,8,3,
766412,15,4,,,,1,,
579930,35,35,6,2,,23,5,
428954,15,15,,1,,5,2,
823231,26,25,1,2,,4,4,
538874,37,37,8,4,,27,1,
490223,16,16,5,1,,4,2,
167342,31,30,1,,,11,,
203504,26,20,,,,4,3,
704270,24,21,3,,,3,1,
810411,1,,,,,,,
198709,23,23,1,,,1,2,
798404,34,21,,,,2,5,1
391192,25,15,,,,1,2,
91473,35,30,1,,,6,6,
170487,17,2,,,,,,
912601,1,,,,,,,
203761,34,34,1,4,,4,4,
422715,36,18,,,,7,1,
590629,10,,,,,,,
327863,38,38,,3,,2,5,
170459,11,1,,,,,,
942083,6,,,,,,,
969154,2,,,,,,,
688707,32,31,1,,,7,9,1
594997,24,24,1,1,,4,2,
282721,27,9,,,,2,,
72121,32,32,,1,,4,7,
159907,18,15,,,,3,,
668503,9,,,,,,,
1020544,1,,,,,,,
646733,31,30,1,3,,10,1,
270411,26,23,1,1,,9,1,
306191,30,29,1,5,,20,,
806496,7,5,,,,,1,
860056,2,,,,,,,
149579,29,29,8,3,,18,3,
495667,35,25,2,1,,16,,
221151,37,35,3,1,,22,3,
503518,2,1,,,,,,
594991,32,32,14,5,,16,1,
321647,31,30,6,3,,13,5,
203504,26,20,,,,4,3,
272644,19,15,1,1,,1,1,
657635,2,,,,,,,
401530,36,34,1,3,,2,5,
59016,30,30,2,3,,3,2,
58884,36,28,3,,,3,7,
251896,31,5,,,,1,1,
618341,3,2,,,,,,
662261,4,,,,,,,
291417,24,22,2,2,,6,4,
525299,11,3,,1,,2,1,
44501,24,12,,2,,3,,
138927,28,24,1,3,,8,1,
221316,37,29,3,,,9,3,
280730,32,25,1,1,,5,4,
537759,1,1,,,,,,
16306,34,32,1,4,,9,11,
495621,15,1,,,,,,
369081,33,31,,1,,9,2,
640428,38,30,2,1,,8,9,
31909,30,28,1,3,,10,4,
319745,17,11,,,,1,1,
27992,30,28,2,8,,19,5,
85288,28,14,1,,,3,1,
371998,35,35,17,13,,15,6,
50202,29,18,,1,,6,2,
412363,34,33,4,5,,14,3,
296622,33,31,10,,,13,2,
39381,26,17,3,,,6,2,
710004,4,3,,,,,,
18922,33,32,27,12,,13,,
257462,27,15,1,3,,1,1,
225020,24,9,1,1,,2,2,
623521,3,1,,,,,,
480267,31,30,4,,,3,6,
466794,33,26,,,,6,5,
182904,35,21,,1,,2,4,
331505,35,19,,1,,6,2,
18944,28,27,1,,,5,8,1
126540,23,1,,,,,1,
388542,1,,,,,,,
617060,2,1,,,,,,
69751,31,30,2,10,,4,11,
636688,18,5,,,,2,,
476344,37,34,1,1,,10,5,
361104,25,21,,3,,8,2,
85370,10,9,2,1,,4,1,
15951,17,14,1,3,,6,2,
331508,2,,,,,,,
65230,36,36,2,,,4,12,
388548,3,,,,,,,
466806,7,2,,,,,,
683840,12,12,3,1,,6,,
326330,33,32,3,3,,12,5,1
646740,36,34,2,6,,16,9,1
466805,31,27,2,1,,10,6,
44162,25,20,,2,,8,3,1
331511,48,25,4,2,,3,1,
388555,1,,,,,,,
466810,10,10,4,1,,3,,
398184,25,22,6,5,,9,1,
80444,35,31,7,3,,16,1,
724520,13,10,1,,,5,4,
913539,1,1,,,,,,
288230,23,21,1,13,,8,3,
204103,38,31,1,2,,9,,
548031,29,17,1,,,7,1,
709969,5,2,,,,2,,
125781,30,29,3,5,,17,3,
167850,29,28,12,2,,5,3,
58864,31,31,15,2,,18,3,
95732,19,4,2,1,,2,,
72522,35,21,6,,,4,1,
599231,8,6,1,,,3,1,
308278,36,30,5,,,12,9,
26399,4,4,1,,,1,,
250845,29,24,1,1,,5,7,
281769,33,26,2,1,,7,6,
107010,30,28,,,,1,12,
491693,33,20,,1,,4,6,
156501,34,26,2,1,,1,5,
534376,2,,,,,,,
628464,1,,,,,,,
537458,1,,,,,,,
668273,4,,,,,,,
476352,36,29,2,2,,10,5,
240692,35,35,1,,,9,12,
95810,23,21,2,,,7,1,
63463,29,20,1,1,,10,7,
76061,31,21,1,2,,6,4,
379632,8,8,,,,,1,
935456,1,,,,,,,
127189,29,28,1,2,,6,8,2
282411,29,29,,2,,9,5,
255901,37,36,3,2,,15,7,
74229,32,31,1,2,,6,6,
148928,36,13,,1,,2,1,
122043,40,31,,1,,4,7,
668177,18,5,,,,1,1,
568149,1,,,,,,,
775605,3,,,,,,,
205562,24,24,4,5,,12,2,
140776,34,34,6,6,,14,5,
266807,36,36,12,5,,16,3,
462250,24,24,8,4,,9,1,1
125781,30,29,3,5,,17,3,
517894,31,30,6,7,,9,3,
44352,50,48,17,6,,18,9,
505674,3,,,,,,,
274347,15,11,4,3,,4,2,
742201,12,1,,,,,,
618813,10,1,,,,,1,
399776,34,33,5,1,,3,5,
494880,35,32,1,,,3,6,
80293,36,17,1,,,,3,
15452,34,28,,,,2,8,
341263,2,,,,,,,
349599,37,28,,1,,10,3,
356197,37,28,4,5,,11,2,
207917,27,24,3,2,,10,3,
480763,30,25,1,1,,9,4,1
127032,21,19,,1,,2,4,
73250,38,12,,,,3,1,
238868,25,7,,,,1,1,
631098,1,,,,,,,
74869,21,20,2,1,,7,3,
63494,33,30,1,1,,11,9,
65467,38,20,,1,,4,4,
348795,29,25,1,1,,8,2,
188854,36,35,6,4,,21,3,
59561,34,33,2,10,,9,3,
335225,30,27,2,,,10,6,
568156,2,,,,,,,
627287,4,1,,,,,,
355861,23,23,10,3,,11,2,
175449,37,29,2,2,,9,2,
614464,6,1,,,,,,
568157,33,31,6,4,,19,2,
401922,27,27,3,3,,9,4,
413262,24,9,,,,,1,
177467,18,17,9,3,,5,2,
626913,29,25,5,5,,10,3,
126716,26,18,1,3,,10,1,
627294,35,23,2,,,7,2,
776890,11,8,,1,,,,
461631,1,,,,,,,
411975,32,32,2,1,,1,2,
329145,34,34,3,,,3,2,1
182579,22,18,,2,,2,2,
766583,11,,,,,,,
60410,32,31,1,3,,11,10,
170646,35,19,,1,,6,3,
711628,1,,,,,,,
402733,30,18,1,3,,9,7,
341272,1,,,,,,,
15956,25,25,,3,,5,4,
537373,4,1,,,,,,
711625,13,1,,,,,,
74294,34,21,,,,4,5,
51174,24,24,1,1,,4,6,
263727,37,36,,1,,20,9,
214775,29,26,2,3,,10,2,
32467,36,35,4,6,,14,5,
91849,29,27,2,1,,5,2,1
610238,2,1,,,,,,
284884,37,29,,1,,11,3,
536826,11,,,,,,,
189441,31,30,6,4,,9,7,
20005,30,29,5,1,,13,4,
241391,37,17,1,2,,10,3,
125165,32,29,2,5,,11,3,
111630,21,20,5,2,,8,5,
111961,9,8,,1,,7,,
676042,10,1,,,,,1,
610461,13,2,,,,,,
587562,4,,,,,,,
433049,25,23,5,2,,12,1,
361254,34,34,10,,,9,6,
182877,22,17,1,1,,9,1,
223725,33,16,2,,,4,3,
72522,35,21,6,,,4,1,
628886,25,5,,,,2,,
351809,37,37,1,1,,,6,
229804,36,30,4,1,,2,3,
355628,33,26,,1,,7,7,
580560,35,10,,,,1,1,
625651,2,,,,,,,
517842,31,20,,,,5,2,1
249513,24,21,,,,5,4,
674501,1,,,,,,,
696890,4,1,,,,,,
289255,37,32,,4,,13,4,
197135,34,24,,,,9,6,
434990,5,2,,,,,,
423440,36,36,2,1,,1,4,
59344,22,8,,,,6,1,
338424,34,34,3,4,,7,8,
465967,38,17,,,,8,2,
634431,21,8,,,,1,1,
289257,24,8,1,,,1,,
625660,1,,,,,,,
129473,31,22,1,,,15,3,
35518,26,25,2,6,,16,4,
563137,18,6,,,,3,,
351478,22,22,9,3,,7,,
616369,12,11,1,1,,6,,
594926,24,7,,,,1,,
177847,33,33,3,,,16,5,
99353,38,37,1,2,,16,5,
548188,5,3,,,,,,
625658,13,5,,,,1,,
349066,33,32,6,2,,21,6,
238407,33,33,4,,,12,2,
711382,2,,,,,,,
625654,22,13,2,,,1,,
289236,2,1,,,,,,
353032,32,29,2,,,8,15,
149498,21,19,2,1,,4,2,
346289,33,29,,1,,4,11,
298583,31,17,1,,,3,3,
163086,17,12,1,,,5,3,
646750,16,6,,,,2,1,
707274,1,,,,,,,
668212,10,4,,,,,2,
221322,24,24,2,5,,4,6,1
623024,35,15,,,,5,,
320271,15,11,,1,,4,5,
367466,20,19,,1,,9,5,
63463,29,20,1,1,,10,7,
170472,31,31,,2,,2,11,
589459,5,,,,,,,
495629,33,31,1,,,8,9,1
417575,37,28,,,,9,1,1
372246,32,32,11,5,,13,4,
503991,34,29,1,,,12,5,
617074,25,16,,,,5,7,1
569375,24,10,,,,2,1,
834764,1,,,,,,,
944124,1,,,,,,,
941869,5,3,,,,,,
699771,4,,,,,,,
537382,31,22,,1,,7,3,
527350,37,20,1,1,,2,3,
98322,29,17,,2,,5,1,
328914,7,,,,,,,
173900,36,23,,1,,8,3,
263860,33,19,,1,,10,3,
707279,1,,,,,,,
225122,37,36,11,6,,16,3,
396894,29,29,5,2,,11,5,1
573775,34,31,7,3,,17,1,1
481084,32,29,1,3,,6,3,
85383,37,34,4,1,,10,4,
617081,2,,,,,,,
941867,4,2,,,,,,
401624,37,21,1,1,,,6,
99922,31,23,1,,,1,5,
113133,30,23,1,,,3,5,
27374,9,4,,,,2,1,
62920,31,18,,,,2,2,
531824,3,1,1,,,,,
193098,32,30,5,4,,5,4,
341227,30,13,,2,,3,3,
630998,3,1,,,,,,
191217,29,23,,2,,,2,
135492,17,10,,1,,1,1,
378139,36,19,,,,8,6,
68645,14,6,,1,,1,2,
711638,3,,,,,,,
342385,35,32,1,2,,5,7,1
100131,36,33,2,3,,12,6,
429901,27,8,,,,3,2,
20506,35,28,,1,,12,4,
263856,9,7,,,,,,
718580,1,,,,,,,
203496,35,34,6,8,,17,7,
66106,34,34,5,8,,14,7,
630995,33,21,1,2,,10,,
395694,3,,,,,,,
126737,36,33,16,5,,24,5,
141834,40,27,2,2,,3,2,
371174,27,7,,,,1,,
505675,10,4,,,,1,,
7663,33,21,,1,,2,,
278359,37,33,10,,,16,4,
122155,34,32,9,4,,16,1,
354741,38,22,1,,,4,,
631002,2,1,,,,,,
158863,27,27,3,,,1,7,1
255488,28,22,,,,1,6,
524000,28,24,2,1,,1,2,
338285,33,9,,,,1,2,
591916,4,,,,,,,
61812,17,14,1,2,,3,3,
85258,37,26,,,,4,2,
255501,33,25,,2,,4,3,
197545,30,1,,,,,,
96718,33,22,1,2,,10,4,
527838,36,17,,,,,4,
300168,37,32,2,,,12,3,2
447052,2,1,,,,,,
610083,34,34,,1,,16,4,
524010,33,31,1,,,5,5,
178425,34,32,,,,22,9,
54235,37,35,4,11,,19,3,
571020,27,27,6,4,,16,2,
338425,36,34,3,6,,13,7,
455349,19,7,,,,,2,
668183,30,14,1,,,2,,
834755,2,,,,,,,
709187,34,34,,,,10,4,
626960,3,,,,,,,
255508,38,38,8,6,,14,4,
251897,22,19,2,,,4,,
34601,36,35,6,3,,22,4,
221150,35,35,,1,,1,11,
494880,35,32,1,,,3,6,
302991,23,10,,1,,4,2,1
143029,36,32,1,,,6,8,
70245,3,,,,,,,
248330,12,1,,,,1,1,
577486,15,,,,,,,
857939,1,,,,,,,
284857,36,36,1,1,,3,6,
376514,32,32,1,3,,4,10,
189453,22,9,,,,1,4,
809639,11,3,,1,,1,,
390688,38,20,,1,,5,1,
76746,36,35,,3,,12,13,
111508,19,5,,,,2,1,
357162,35,22,,1,,5,2,
137616,33,19,,,,2,1,
158795,15,7,,,,2,2,
638589,3,,,,,,,
290249,31,31,,5,,4,13,
273152,36,35,1,2,,8,5,
284854,34,33,1,2,,23,6,
398163,30,10,,1,,1,,
841121,1,,,,,,,
319160,25,14,,2,,3,1,
284884,37,29,,1,,11,3,
67082,22,7,,,,1,,
251106,37,37,16,1,,19,8,
573775,34,31,7,3,,17,1,1
298976,34,23,6,1,,10,3,
546047,19,15,2,,,3,2,
199369,30,29,3,,,19,7,
227961,26,22,1,,,4,7,
399780,18,15,1,,,2,,
102423,37,37,2,,,,7,
92947,37,31,1,2,,3,1,
357884,31,16,,,,5,3,
129444,26,18,,,,7,2,
495600,7,,,,,,,
705810,1,1,,,,,,
501418,31,31,1,1,,4,8,
67090,32,9,,,,,3,
544106,23,22,,2,,12,7,
495601,1,1,,,,,,
399775,29,2,,,,1,,
705813,8,4,,1,,,,
142021,36,36,3,10,,11,3,1
378293,24,23,1,1,,8,5,1
335225,30,27,2,,,10,6,
182581,30,30,3,2,,14,8,
295622,28,25,1,2,,12,9,
42920,53,28,4,2,,10,5,
646746,1,,,,,,,
628496,3,1,,,,,,
548187,1,,,,,,,
448344,38,21,,,,14,,
705815,5,1,,,,,1,
408471,30,30,4,1,,16,5,
570421,35,31,1,1,,7,3,1
162074,12,3,,,,,1,
745461,1,1,,,,,,
288318,38,32,,2,,18,4,
140436,49,35,12,,,9,1,
88490,32,31,2,,,12,10,
628498,8,3,,1,,,,
162038,34,34,17,3,,12,5,1
354741,38,22,1,,,4,,
311489,31,17,,,,3,,
358250,35,32,,,,6,1,
64134,37,34,,,,5,4,
131102,32,19,,,,4,5,
609361,34,9,,,,1,3,
636093,32,8,,,,1,1,
740253,1,,,,,,,
448628,37,37,,3,,2,9,
461619,6,,,,,,,
119905,22,21,1,1,,2,3,2
221315,35,17,,1,,6,3,
540676,1,,,,,,,
277137,31,29,,,,7,10,
137616,33,19,,,,2,1,
423444,37,37,1,,,17,4,
334042,30,19,1,3,,4,,
715628,1,,,,,,,
892221,5,1,,,,,,
309110,37,37,4,5,,16,8,
165007,38,38,4,6,,20,4,
699704,11,7,,,,,,
523977,17,1,,,,,,
341110,35,33,4,4,,18,6,
70934,36,32,2,,,14,1,
357628,1,,,,,,,
892929,3,1,,,,,,
282694,33,26,,,,4,5,
72047,37,37,18,6,,10,8,
186399,52,50,9,3,,18,10,
255653,33,33,7,3,,16,4,
298589,36,35,4,,,1,8,
197122,36,18,,,,1,5,
82503,21,15,,,,1,1,
69660,26,3,,,,2,,
783429,6,1,,,,,,
618809,36,33,1,3,,11,5,
169497,32,23,,,,3,4,
87469,35,23,1,1,,7,3,
216870,36,35,,1,,6,9,
488626,18,3,,,,1,1,
213670,35,33,1,,,10,10,
63040,38,25,1,,,7,3,
552425,37,36,2,3,,12,2,
95641,36,35,1,2,,14,9,
340864,11,1,,,,,,
71579,38,10,1,,,4,,
63056,38,28,2,2,,6,2,
471474,38,26,1,1,,8,1,
213260,38,37,1,6,,29,1,
298983,13,3,,,,,,
298575,28,21,2,,,9,2,
242532,14,4,,,,1,,
710679,9,4,,,,1,1,
366931,1,,,,,,,
167721,36,36,6,2,,20,7,1
46413,30,28,8,2,,11,3,
93936,34,33,5,2,,10,1,
514514,28,6,,,,,,
257376,25,21,1,,,2,7,
330684,34,21,2,,,3,2,
631222,29,18,,1,,3,5,
95963,34,32,2,1,,3,9,1
500191,11,,,,,,,
562058,5,1,,,,1,,
448844,28,26,,,,9,1,
93935,30,27,2,1,,6,6,
713649,3,,,,,,,
170472,31,31,,2,,2,11,
120443,20,12,1,,,2,1,
58330,34,22,1,,,8,5,
223053,36,32,,1,,8,11,
376588,34,27,,1,,7,5,
60542,26,25,,2,,11,6,
297784,26,12,,,,3,3,
281989,34,34,3,3,,12,4,
282727,21,14,,,,3,3,
59551,27,24,1,1,,9,5,
631221,31,8,,,,3,1,
211251,30,25,4,3,,13,2,
315289,32,31,8,3,,10,6,
713644,1,,,,,,,
262365,38,33,6,1,,17,4,
282722,19,17,2,1,,10,1,
487688,34,16,,,,6,,
67548,19,15,1,3,,3,3,
413262,24,9,,,,,1,
424784,37,37,8,4,,15,6,
611426,16,8,,,,1,1,
57825,37,35,10,5,,9,1,
119235,49,32,6,3,,9,4,
596884,24,14,2,1,,6,3,
257851,34,32,,1,,4,4,
88590,12,11,1,,,3,1,
387129,36,27,1,,,3,3,1
54935,33,30,1,2,,11,6,
175323,33,23,2,,,5,5,
158791,20,13,,,,4,3,
627277,2,,,,,,,
627276,4,,,,,,,
856136,1,,,,,,,
373916,10,4,,1,,2,2,
193784,24,19,,,,5,6,
282700,33,16,,1,,2,1,
228917,33,29,1,,,7,5,
349856,35,26,1,1,,8,5,
844637,19,11,,1,,3,1,
71905,38,6,1,,,1,1,
718177,1,,,,,,,
328480,34,29,,,,9,9,
205569,32,26,1,2,,8,7,
168959,32,19,,,,12,3,
151470,32,6,,,,,1,
120095,20,20,2,2,,8,6,
162056,30,29,7,2,,14,5,
568835,18,13,,1,,5,2,
405564,1,,,,,,,
856156,1,,,,,,,
245014,32,30,3,3,,11,3,
611198,11,,,,,,,
638235,36,25,,1,,4,1,
455181,25,25,4,7,,12,4,
172142,1,,,,,,,
212391,29,29,7,4,,13,8,
252677,35,35,13,7,,11,7,
422460,33,28,4,3,,12,1,
34870,25,18,3,2,,7,5,1
668041,18,17,4,,,8,1,
277384,37,36,,,,2,4,
278296,17,17,2,1,,,8,
378463,31,19,1,,,1,3,2
237499,22,10,,,,,3,1
632495,18,1,,,,1,,
166677,36,28,1,1,,2,7,
65318,31,25,,4,,7,5,
628488,2,,,,,,,
947432,1,,,,,,,
251876,35,35,1,5,,9,10,
350364,26,16,2,1,,1,1,
339699,17,9,1,,,2,1,
632498,1,,,,,,,
89297,36,26,,,,5,3,1
442805,31,26,1,,,12,9,
126751,22,22,,,,15,4,
513031,35,29,1,,,18,3,
217144,18,4,,,,1,1,
72479,10,5,1,,,,1,
58799,33,28,5,3,,16,2,
557149,33,30,1,2,,12,1,1
139435,37,36,3,4,,13,7,
632501,1,,,,,,,
339820,23,19,,1,,8,5,
100722,13,6,,,,1,,
706138,18,5,,,,1,,
405398,29,28,1,1,,14,4,
505673,3,,,,,,,
331498,34,24,1,2,,14,3,
256267,39,27,5,4,,2,7,
627294,35,23,2,,,7,2,
51510,33,29,4,3,,18,4,
177452,38,23,3,,,6,3,
678194,25,5,,1,,1,,
632499,2,,,,,,,
186862,34,30,1,,,4,10,
349836,36,28,,,,2,3,
203043,24,19,1,,,6,6,
255892,18,6,,,,1,,
184779,31,19,,,,5,11,
622623,1,,,,,,,
627290,13,2,,,,,,
262939,34,33,2,5,,3,4,
216240,15,5,1,,,,1,
211389,31,26,,,,5,6,
32522,33,16,,,,7,5,
623023,3,,,,,,,
142031,34,32,,,,15,6,
268670,33,31,,4,,9,8,
90451,54,37,1,,,10,11,
330352,36,31,,,,8,2,1
527698,16,12,2,,,5,1,
672953,2,,,,,,,
786438,5,,,,,,,
55215,26,13,,,,6,2,
225593,37,32,8,3,,9,4,
339816,37,32,3,3,,15,4,
149231,34,33,5,6,,22,9,
56067,48,26,2,,,10,3,
277533,38,31,2,3,,6,2,
900166,2,,,,,,,
334222,24,24,7,3,,13,3,
296783,20,20,5,1,,4,1,
92693,50,44,14,4,,26,6,
73185,35,33,5,3,,19,1,
184672,49,42,4,1,,9,5,
720532,4,,,,,,,
252667,33,28,,2,,12,6,
495625,37,25,,,,3,2,
247366,23,10,,1,,1,2,
155423,25,17,1,,,3,8,
67089,35,14,,,,1,7,1
62945,32,30,1,,,,6,
311044,37,37,2,2,,1,6,
520947,34,14,1,,,4,2,
254037,29,25,,1,,8,2,
225015,30,25,,,,7,4,
784719,10,2,,,,1,,
148355,33,22,,1,,16,3,
454238,28,23,,1,,7,5,
225462,15,11,,,,4,1,1
247250,14,14,2,,,2,7,
307519,12,12,,,,8,3,
882772,20,6,,,,2,1,
278404,13,6,,,,1,1,
89733,36,32,3,2,,8,2,
241391,37,17,1,2,,10,3,
99559,30,18,,1,,5,2,
246204,32,23,2,1,,11,1,1
281755,27,20,2,2,,10,6,
282406,20,9,,,,1,,
412046,17,9,,,,4,,
131275,33,31,7,4,,17,8,
73185,35,33,5,3,,19,1,
85383,37,34,4,1,,10,4,
18644,38,34,7,2,,9,3,
177065,20,5,,,,1,1,
542819,16,10,,,,2,,
835794,1,1,,,,,,
449796,36,36,2,2,,,8,
258475,33,16,,,,2,4,
240360,27,21,,,,9,4,
717957,3,,,,,,,
37337,37,14,,,,1,2,
628461,5,,,,,,,
341264,36,34,1,,,2,4,
206947,37,13,,,,4,,
85295,35,35,1,2,,,10,
608531,35,9,1,,,3,3,
380598,35,35,1,2,,18,10,1
192009,27,27,,,,10,5,
517753,37,35,,,,16,8,
525578,35,31,2,1,,10,5,
629020,4,,,,,,,
560483,35,34,3,2,,16,3,
30321,33,32,3,9,,22,13,
195605,25,14,4,,,3,,
257062,36,36,7,5,,10,6,
289272,4,4,,,,3,,
153427,38,29,1,3,,6,2,
888694,1,1,,,,,,
891075,4,2,,,,,,
362086,35,34,2,4,,20,7,
256429,35,32,8,2,,17,3,
39152,27,23,6,,,7,1,
531277,20,7,,,,1,,
166683,36,25,,,,5,3,
93747,9,1,,,,,,
607779,5,,,,,,,
245893,42,21,2,,,3,4,
67080,36,34,3,2,,2,9,
127108,32,30,,,,,7,1
559979,16,,,,,,,
177046,34,34,,5,,11,10,1
568158,30,9,,,,1,2,
249471,22,1,,,,,,
533568,16,14,,,,2,2,
483573,37,24,,1,,6,4,
184767,23,18,,,,4,4,
319253,4,1,,,,,,
364237,32,32,2,,,10,10,
242497,30,27,1,,,17,2,
354697,22,5,,,,1,1,
483742,30,30,,1,,7,16,
266795,33,18,5,1,,8,6,1
295065,37,28,,1,,13,2,
139895,50,46,2,,,15,8,
634460,2,,,,,,,
646734,6,1,,,,,,
277118,37,24,,1,,7,3,
341278,21,6,,,,2,,
527350,37,20,1,1,,2,3,
278837,37,37,1,3,,18,3,
676318,35,21,,,,6,,
263860,33,19,,1,,10,3,
133794,32,32,1,1,,14,6,
718029,1,1,,,,,,
81999,37,37,14,5,,5,,
73185,35,33,5,3,,19,1,
480883,35,22,1,2,,9,2,
495752,29,28,8,3,,1,6,
166683,36,25,,,,5,3,
98596,38,24,5,3,,8,4,1
628472,3,3,,,,,2,
550492,1,,,,,,,
668277,2,,,,,,,
